id,isbn,title_short,title,catalogue,cutter,pub_year,copy_info,get_link,note,reprint,removed,keepsite,eisbn
1,9789864340804,MongoDB,7天學會大數據資料處理 NoSQL：MongoDB入門與活用,312.7565,8344,2016,,fail,,,,,
2,9789865022471,TflowPy,TensorFlow自然語言處理：善用 Python 深度學習函式庫，教機器學會自然語言,312.32P97,4242,2019,,fail,,,,,
3,9789863125501,KerasPy,Deep learning 深度學習必讀：Keras 大神帶你用 Python 實作,312.32P97,864,2019,,,,,,,
4,9789570852332,黃仁宇大歷,黃仁宇的大歷史觀(黃仁宇一百週年誕辰，首次結集生前未出版專論紀念版),610,8364,2019,,fail,,,,,
5,9789570851991,中國大歷史,中國大歷史（暢銷10萬本重新校訂新版）,610,4423,2019,,,,,,,
6,9789570851519,反民主,反民主：選票失能、理性失調，反思最神聖制度的狂亂與神話！,571.6,2614,2018,,,,,,,
7,9789573284383,獨裁者手冊,獨裁者手冊：解析統治權力法則的真相（為什麼國家、公司領導者的「壞行為」永遠是「好政治」？）,571.76,4444,2019,,,,,,,
8,9789864342815,圖說演算法,圖說演算法：使用Python,312.32P97,8866,2018,,,,,,,
9,9789861343228,知識的假象,知識的假象：為什麼我們從未獨立思考？,176.4,4236,2018,,,,,,,
10,9789864768813,現代演算法,現代演算法：原來理解演算法並不難,312.931,9134,2018,,,,,,,
11,9789864342945,無瑕軟體設,無瑕的程式碼：整潔的軟體設計與架構篇,312.2,7110,2018,,,,,,,
12,9789864342099,無瑕C#,無瑕的程式碼（敏捷完整篇）物件導向原則、設計模式與C#實踐,312.92,8354,2017,,fail,,,,,
13,4717702045197,史蒂芬金談,史蒂芬．金談寫作,811.1,8010,2006,,fail,,,,,
14,9789864340484,程式設計範,程式設計範式與OOP的思考術：冒號老師的十三堂課（中文原創經典）,312.2,460,2015,,fail,,,,,
15,9789864764716,實戰聊天機,實戰聊天機器人Bot開發：使用Node.js,312.1695,2244,2017,,,,,,,
16,9789864341375,Kali網路滲,Kali Linux無線網路滲透測試,312.76,447,2016,,fail,,,,,
17,9789869276115,完美廚藝全,完美廚藝全書： 一看就懂的1000個料理關鍵字,427,2760,2016,,fail,,,,,
18,9789864342686,敏捷方程式,敏捷方程式：成就敏捷之路,312.2,7711,2017,,fail,,,,,
19,9789864340798,跨視窗尺寸,跨視窗尺寸網頁設計實錄：All about RWD（Responsive Web Design）,312.1695,8579,2015,,fail,,,,,
20,9789864760978,Kubernetes,Kubernetes使用指南,312.54,240,2016,,fail,,,,,
21,9789866009716,EN100筆記,Evernote 100個做筆記的好方法 ： 數位化重整你的工作與人生  (電子書),312.7,6024,2013,,,ebook,,,博客來,
22,9789869547314,跨頁週間行,為什麼一流主管都用跨頁週間行事曆？ (電子書),494.2,8575,2017,,,ebook,,,博客來,
23,9789865775773,經穴大全,經穴大全  (電子書),413.915,4143,2014,,,ebook,,,博客來,
24,9789863772804,人體機能1,人體機能解剖全書vol.1  (電子書),397,1253,2017,V.1,,ebook,,,博客來,
25,9789869553285,好音樂科II,好音樂的科學II：從古典旋律到搖滾詩篇──看美妙樂曲如何改寫思維、療癒人心,910,2751,2018,,fail,,,,,
26,9789865695521,好音樂科I,好音樂的科學,910,8733,2016,,,,,,,
27,9789575681623,室內園藝,室內園藝,435.1,4014,1993,,,fake isbn,,,,
28,4717702089290,神奇的手帳,神奇的手帳整理魔法,479.9,2632,2015,,,,,,,
29,9787095583137,音響調聲學,音響論壇300期紀念特刊：音響調聲學,471.9,764,2014,,fail,,,,,
30,9789864050116,Make：18,Make： Technology on Your Time 18 (國際中文版),400,8024,2015,v.18,,,,,,
31,9789864050130,Make：19,Make： Technology on Your Time 19 (國際中文版),400,7743,2015,v.19,fail,,,,,
32,9789861546643,電子學上,電子學(上冊)(第八版)(附Multisim範例光碟片),448.6,2322,2008,v.1,fail,,,,,
33,9789861547619,電子學下,電子學(下冊)(第八版)(附Multisim範例光碟片),448.6,2322,2008,v.2,fail,,,,,
34,9789577023360,心理學,心理學 (第二版),170,4420,1999,,,,,,,
35,9789571324227,辯論高手,辯論高手,177.1,8825,1997,,,,,,,
36,4717702089757,超高效心智,超高效心智圖學習法（改版）,521.1,4022,2016,,fail,,,,,
37,9789577490872,亞克力塑膠,亞克力塑膠原理與實用,467.4,8263,1996,,fail,,,,,
38,9787562840855,日語句型例,常用日語句型例解與辨析（第二版）,803.169,4444,2015,,,cn,,,,
39,9789570387339,異域鎮魂曲,異域鎮魂曲完全冒險指南,997.82,2819,2015,,fail,,,,,
40,9780596155513,Garduino,Getting Started with Arduino,471.516,O63B35,2009,,fail,handout,,,,
41,9780131100800,VHDL1,Digital Electronic with VHDL,621.381,2754,2004,v.1,fail,en,,,,
42,9780131219311,DigSys9e,Digital Systems 9/e,621.381,T631,2004,,fail,en,,,,
43,9780071155953,DSC++,"Data Structures,Algorithms,& A pplications in C++",312.73,S24,1998,,fail,en,,,,
44,9789861573212,TCP/IP,TCP/IP協定,312.9162,8766,2006,,fail,,,,,
45,9780130324955,Circuits6e,Electric circuits 6/e,337,N712,2001,,fail,en,,,,
46,9789867198532,UML物件,UML 物件導向系統分析與設計,312.92,7160,2006,,fail,,,,,
47,9780321303479,ZenCSS,The ZEN of CSS Design,312.1695,S477,2005,,fail,en,,,,
48,9789866387074,無線網路安,無線網路安全攻防實戰(平裝),312.76,4652,2009,,fail,,,,,
49,9780471283249,Physics5e,Fundamentals of Physics 5/e,337.9,A465,2001,,fail,en,,,,
50,9780393322767,HandTools,Hand Tools ─ Their Ways and Workings,371.33,F495,2002,,fail,en,,,,
51,9789576365164,作業系統3e,作業系統槪念 3/e,312.953,8445,1992,,fail,,,,,
52,9780024097309,Material,Introduction to Materials Science for Engineers,440.23,S515,1988,,fail,en,,,,
53,9780471153689,MedicInst,Medical Instrumentation 3e,410.35,5446,1997,,fail,en,,,,
54,9780201752953,ConceptPL,Concepts of Programming Languages,312.93,S443,2002,,fail,en,,,,
55,9780030186820,IntroLan6e,"An Introduction To Language, 6e",805.101,F931,1998,,fail,en,,,,
56,9789862761359,MIS網管,MIS網管實戰寶典：Linux老鳥這樣搞定機房大小事,312.16,6037,2011,,fail,,,,,
57,9789863470151,Nagios,Nagios：打造企業級網管監控系統,312.1653,2714,2014,,fail,,,,,
58,9789861818511,鳥哥基礎,鳥哥的Linux私房菜－基礎學習篇(第三版)(附DVD)(平裝),312.54,8455,2010,,,,,,,
59,9789862763209,鳥哥伺服,鳥哥的Linux私房菜：伺服器架設篇（第三版）（附光碟）(平裝附數位影音光碟),312.54,8455,2011,,,,,,,
60,9789862014004,Linux網路程設,Linux Network Programming－網路程式設計(平裝),312.712,8336,2010,,fail,,,,,
61,9789575278786,BSD6,FreeBSD 6.0架設管理與應用,312.953,1020,2005,,fail,,,,,
62,9789572241936,Linux雙認證,一次擁有Linux雙認證：LPIC Level 2+Novell CLP11自學手冊,312.54,4652,2013,,fail,,,,,
63,9789862761694,作業系統開,作業系統開發實戰手冊：以開發一個視窗多工作業系統為例(平裝附光碟片),312.54,8734,2011,,fail,,,,,
64,9789862766675,演算法4e,演算法（第四版）：使用C++虛擬碼,312.31,8777,2013,,fail,,,,,
65,9789862768600,CIJenkis,CI（Continuous integration）關鍵技術：使用 Jenkins,312.2,8727,2013,,fail,,,,,
66,9789862017050,無瑕：敏捷,無瑕的程式碼：敏捷軟體開發技巧守則,312.2,8354,2013,,fail,,,,,
67,9789865740382,笑談軟工例,笑談軟體工程：例外處理設計的逆襲,312.2,7514,2014,,fail,,,,,
68,9789866072956,笑談軟工敏,笑談軟體工程：敏捷開發法的逆襲,312.2,7514,2012,,fail,,,,,
69,9789862760116,大象UML,大象：Thinking in UML（第二版）,312.2,8439,2013,,fail,,,,,
70,9789862015827,遊戲設計概,遊戲設計概論（第三版）,312.8,8455,2012,,fail,,,,,
71,9789862101469,活到幾歲都,活到幾歲都要學： 銀髮爸媽第一次玩平板電腦就上手,312.7565,8344,2016,,fail,,,delete,,
72,9789862760956,學習SQL15,學習SQL 的15堂課(平裝),312.7565,8246,2011,,fail,,,,,
73,9789862767436,NoSQL15,搞懂NoSQL的15堂課（NoSQL Distilled中文版）,312.74,3254,2013,,fail,,,,,
74,9789862019306,我的程式碼,我的程式碼會說話,312.3,1030,2014,,fail,,,,,
75,9789863473060,高品質程式,高品質程式：軟體測試原則、實作與模式,312.23,8534,2014,,fail,,,,,
76,9789572054024,物件導向設,物件導向設計模式,312.92,1325,2001,,fail,,,,,
77,9789862017074,培養與鍛鍊,培養與鍛鍊程式設計的邏輯腦：程式設計大賽的解題策略基礎入門,312.2,8367,2013,,,,,,,
78,9789862018200,設計模式的,設計模式的解析與活用,312.2,8336,2013,,fail,,,,,
79,9789862760451,演算法之道,演算法之道－讓你學不會演算法都難(平裝),318.1,8735,2010,,fail,,,,,
80,9789867139672,木工職人刨,木工職人刨修技法—打造超人氣木作必備參考書,474.3,4872,2012,,,,,,,
81,9789866360718,木作小食器,親手打造~木作小食器,474.57,3334,2012,,,,,,,
82,9789867167811,木工DIY,木工DIY家具：打造一輩子的好伙伴,474.3,4054,2009,,,,,,,
83,9789571048079,宅設計,宅。設計：20 x 20 原來如此的住宅建築原理,441.58,4073,2012,,,,,,,
84,9789862019405,深入Node.js,深入淺出Node.js,312.1695,4310,2014,,fail,,,,,
85,9789862019788,Swift程設,從零開始學Swift程式設計,312.2,8566,2014,,fail,,,,,
86,9789572241004,作業系統概,作業系統概論,312.54,4652,2013,,fail,,,,,
87,9789862768440,駭客攻防實,駭客攻防實錄,312.76,8343,2013,,,,,,,
88,9789864760572,R資料採礦,R資料採礦與數據分析：以 GUI 套件 Rattle 結合程式語言實作,512.4,8723,2016,,fail,,,,,
89,9780679766117,木工手冊,The Complete Manual of Woodworking,474,J12,2001,,fail,en,,,,
90,9789866029172,從零開始學,從零開始學木工：基礎到專業，最詳細的工具介紹＋環保家具DIY,474.3,2091,2013,,,,,,,
91,9789863477983,用Arduino,用Arduino全面打造物聯網,471.516,1279,2015,,,,,,,
92,9789863120841,圖解Arduino,超圖解 Arduino 互動設計入門,471.516,8489,2013,,fail,,,,,
93,9789863472865,Andro8051,Android與8051單晶片應用開發實務,312.952,8067,2014,,fail,,,,,
94,9789574423545,8051單,8051 單晶片徹底研究－入門篇,471.516,8774,2006,,,,,,,
95,9789863476030,TCPL4e,The C++ Programming Language國際中文版 第四版,312.32C,8855,2015,,fail,,,,,
96,9789572206287,新C語言,新 C 語言入門與進階,312.32C,4024,1991,,fail,,,,,
97,9789572054437,TCPL1e,C++ 程式語言 經典增訂版,312.32C,8855,2001,,fail,,,,,
98,9789862763100,JavaSE7,Java SE 7 技術手冊(平裝),312.32J3,8766,2010,,,,,,,
99,9789863473145,Android程,"Android程式設計入門、應用到精通（第三版）（適用1.X～5.X, Android Wear穿戴式裝置）",312.52,8325,2014,,fail,,,,,
100,9789866482274,Google!A,Google！Android手機應用程式設計入門,312.952,8537,2009,,fail,,,,,
101,9789863472186,Android學2,Android 學習手冊（第二版）,448.845029,8547,2014,,fail,,,,,
102,9789862019061,C++沉思錄,C＋＋沉思錄（Ruminations on C++：A Decade of Programming Insight and Experience）,312.32C,4174,2014,,fail,,,,,
103,9789864761685,TLI v2,The Linux Programming Interface 國際中文版（下冊）,312.54,2714,2016,v.2,fail,,,,,
104,9789863479116,流暢的Py,流暢的Python：清晰、簡潔、有效的程式設計,312.32P97,5064,2016,,fail,,,,,
105,9789863477105,高效能 Py,高效能 Python 程式設計 (High Performance Python： Practical Performant Programming for Humans),312.32P9,5124,2015,,fail,,,,,
106,9789862760703,精通Python,精通Python 3程式設計（第二版）(平裝),312.32P97,7451,2010,,fail,,,,,
107,9789863479819,PyObjectR,Python 3 物件導向程式設計（第二版）,312.32P97,8572,2016,,fail,,,,,
108,9789863477020,EffectivePy,Effective Python 中文版 | 寫出良好 Python 程式的 59 個具體做法 (Effective Python： 59 Specific Ways to Write Better Python),312.32P97,8835,2015,,fail,,,,,
109,9789863477808,黑帽Python,黑帽Python： 給駭客與滲透測試者的Python開發指南,312.32P97,3044,2015,,fail,,,,,
110,9789864340415,DesignPPy,Python設計模式深入解析,312.32P97,8465,2015,,fail,,,,,
111,9789864760244,TDDPy,測試驅動開發：使用 Python,312.32P97,8355,2016,,fail,,,,,
112,9789861547534,重構1e,重構—改善既有程式的設計(第二版) 1/e,312.2,8970,2008,,fail,,,,,
113,9789862764916,Sketchup3D,SketchUp全方位3D建模實作（超值加贈影音教學及範例檔）,967.029,4622,2012,,fail,,,,,
114,9789863476856,Rpi應用,Raspberry Pi實例應用集,312.2,8464,2015,,fail,,,,,
115,9789863478751,MC模組,Minecraft模組設計：使用Java建立酷炫好玩的模組,312.8,8434,2016,,,,,,,
116,9789861811918,jQuer2e,jQuery 實戰手冊（第二版）(平裝),312.32J36,6022,2011,,,,,,,
117,9789861994079,CoronaSDK,10天做好App：Corona SDK超直覺遊戲開發攻略！ 跨平台、低成本、超快完成,510.359,8956,2013,,,,,,,
118,9789863473312,Matz程式未來,松本行弘談程式世界的未來,312.3,8347,2014,,fail,,,,,
119,9789863475460,ItDjango,It's Django ： 用Python迅速打造Web應用!,312.32P97,8757,2015,,fail,,,,,
120,9789865617011,Linux硬架,Linux硬體架構與指令之解析,312.54,7744,2015,,fail,,,,,
121,9789866703140,日本中小學,從日本中小學課本學日文：附【東京音朗讀MP3】,803.18,7375,2009,,,,,,,
122,9789863475392,Make感測,Make感測器：運用Arduino和Raspberry Pi感測的專題與實驗,471.516,2122,2015,,fail,,,,,
123,9789576670893,買保險的第,買保險的第一本書,563.73,8866,1998,,,,,delete,,
124,9789863611400,冰火七國騎,冰與火之歌外傳：七王國的騎士,874.57,834,2015,,,,,,,
125,9789861859750,冰火.5A,冰與火之歌第五部：與龍共舞（上冊）,874.57,834,2014,v.1,,,,,,
126,9789861859767,冰火.5B,冰與火之歌第五部：與龍共舞（中冊）,874.57,834,2014,v.2,,,,,,
127,9789861859774,冰火.5C,冰與火之歌第五部：與龍共舞（下冊）,874.57,834,2014,v.3,,,,,,
128,9789863710455,麵包製作書,成功vs.失敗麵包製作書,427.16,4450,2016,,,,,,,
129,9789869458672,零失敗花樣,零失敗花樣饅頭，花捲與包子：家庭必備中式麵點食譜書，400張步驟圖保證成功！,427.16,3442,2017,,,,,delete,,
130,9789575323134,日本語句型,日本語句型知惠袋（附2CD）,803.169,9066,2006,,fail,,,,,
131,9789867694393,用聽的學日,用聽的學日文文法(平裝附光碟片),803.16,1144,2005,,,,,,,
132,9789868409873,日文結構2,日文結構訓練方法(下)句型與聽力(附MP3)(平裝),803.169,6787,2010,v.2,,,,,,
133,9789868409866,日文結構1,日文結構訓練方法(上)句型與聽力(附MP3)(平裝),803.169,6787,2010,v.1,fail,,,,,
134,9789862018644,3D列印無限,3D列印無限可能：從打造自己的3D印表機到輸出個性化3D物件,477.7,8468,2014,,,,,,,
135,9789868409804,日文結構的,日文結構的秘密《跨越初級障礙》(平裝),803.16,8566,2008,,fail,,,,,
136,9789575322977,日本語文法,日本語文法知惠袋,803.16,8474,2005,,fail,,,,,
137,9789575323028,日本語發音,日本語發音知惠袋（1書+ 2CD）,803.14,8474,2006,,fail,,,,,
138,9789861451169,跟我說韓語,跟我說韓語,803.288,8689,2004,,fail,,,,,
139,9789864177240,怎樣解題,怎樣解題,310,4417,2006,,,,,,,
140,9789863592198,寫字書：第,寫字書：第一本輕鬆寫好字的工具書,523.314,466,2016,,fail,,,,,
141,9789862355121,最後一個知,"最後一個知識人： 末日之後, 掌握重建文明社會的器物、技術與原理",300,733,2016,,,,,,,
142,9789575613204,樂理超入門,樂理超入門〔英漢對照〕附CD,911.1,1042,2009,,fail,,,,,
143,9789869236850,世界記憶力,世界記憶力冠軍的高效記憶筆記,176.33,8455,2016,,,,,,,
144,9789575529673,最新三體書,最新三體書寫習字帖,943.97,8763,2011,,fail,,,,,
145,9789575521202,鋼筆字臨摹,鋼筆字臨摹範典,943.97,8763,1986,,,,,,,
146,9789575521431,寫好鋼筆字,寫好鋼筆字的書,943.97,8763,1986,,fail,,,,,
147,9789575266981,MTB自行車,MTB自行車改裝＆維修(平裝),477.32,8663,2007,,fail,,,,,
148,9789573272946,郭老師跑步,郭老師的跑步課：從入門到進階，300個正確的跑步要訣,528.946,723,2013,,,,,,,
149,9789861205502,跑步，該怎,跑步，該怎麼跑？－學會「姿勢跑法」，提高跑步效能、不受傷！(平裝),548.946,6605,2011,,,,,,,
150,9789575268459,機車修保,我的第一本！機車維修&保養(平裝),447.33,8946,2009,,fail,,,,,
151,9789866056796,汽車維修Diy,汽車維修DIY：新手都能學會自己來的汽車保養圖解全集,447.166,4353,2017,,,,,,,
152,9789571362816,2050科幻,2050科幻大成真：超能力、心智控制、人造記憶、遺忘藥丸、奈米機器人，即將改變我們的世界,394.911,8476,2015,,,,,,,
153,9789576474026,圍棋初學指,圍棋初學指南,997.11,4432,1999,,fail,,,,,
154,9789865802110,花草遊戲69,花草遊戲No.69日日鮮採！用盆栽就有好結果的家庭果樹,435.3,4432,2013,,,,,,,
155,9789866086632,花草遊戲59,花草遊戲No.59 活用解析！我的鄉村風花園(平裝),435,1132,2001,,,,,,,
156,9789578804739,ACLS精華,ACLS精華,415.22,4772,2006,,fail,,,,,
157,9789865623142,人體解剖著,人體解剖著色學習手冊,394.025,2722,2015,,,,,,,
158,9789866787362,彈指之間12,吉他手冊系列叢書－彈指之間十二版（附CD）(平裝),916.65,8356,2008,,fail,,,,,
159,9789866033438,人體解剖全,人體解剖全書,394,6010,2013,,,,,,,
160,9789865973391,手工書設計,手工書 設計&製作,999,8363,2012,,,,,,,
161,9789863425588,一支筆就能,一支筆就能寫! 手寫英文藝術字 (附黑白雙色練習帖),943.98,8629,2016,,,,,,,
162,9789575279073,DTP桌上,DTP桌上排版活用技術修煉　(平裝),477.22029,2621,2006,,,,,,,
163,9789863700289,節能建築設,節能建築設備教科書：集合住宅、辦公建築篇,441.6,2634,2015,,,,,,,
164,9789576500992,大亨小傳,大亨小傳,874.57,7544,1993,,fail,,,,,
165,9789575451462,希臘神話,希臘神話,813.08,8436,1992,,,,,,,
166,9789570830811,鐵母雞遊世,鐵母雞遊世界(平裝),992.026,8446,2006,,,,,,,
167,9789571365091,身為職業小,身為職業小說家,861.67,8354,2016,,,,,,,
168,9789571360782,沒有女人的,沒有女人的男人們,861.57,8357,2014,,,,,,,
169,9789862351192,鐵人三項,鐵人三項－游泳、自行車、跑步三項全能運動入門(平裝),528.9474,2862,2010,,,,,,,
170,9789862351796,在水裡自由,在水裡自由練功 ：掌握游泳招式、心法，精進技術，突破速度！,528.961,2862,2012,,,,,,,
171,9789572313756,柏德之門,柏德之門,874.57,7464,2002,,fail,,,,,
172,9789863191469,獵魔士3,獵魔士長篇３：火之洗禮,882.157,8537,2015,v.3,,,,,,
173,9789863191230,獵魔士2,獵魔士長篇２：蔑視時代,882.157,8537,2015,v.2,,,,,,
174,9789863191940,獵魔士4,獵魔士長篇４：燕之塔,882.157,8537,2016,v.4,,,,,,
175,9789863191124,獵魔士1,獵魔士長篇１：精靈血,882.157,8537,2014,v.1,,,,,,
176,9789866157752,獵魔士：命,獵魔士：命運之劍,882.157,8537,2012,,,,,,,
177,9789866157493,獵魔士：最,獵魔士：最後的願望,882.157,8537,2011,,,,,,,
178,9789571407432,新譯古文觀,新譯古文觀止(上/下)(革新版)(修訂三版),835,439,1999,,fail,,,,,
179,9789866558238,Help!119,Help!Help!急救119,415.22,4054,2009,,,,,,,
180,9789578782099,孫子兵法釋,孫子兵法釋義,592.092,2537,1993,,fail,,,,,
181,9789575867867,語言學導論,語言學導論(平裝),800,1105,1999,,,,,,,
182,9789861734606,我不當陀螺,我不當陀螺族！—「永遠嫌時間不夠用」的現代人全方位時間管理術(平裝),494.01,4424,2009,,,,,,,
183,9789864761388,機器學習Py,機器學習：使用Python進行預測分析的基本技術,312.32P97,2742,2016,,,,,,,
184,9789862018439,雲端整理術,Evernote雲端整理術：提升記事效率的137個實用筆記,312.136,8645,2013,,fail,,,delete,,
185,9789869340571,搞定GTD,搞定！：工作效率大師教你：事情再多照樣做好的搞定5步驟,494.01,4428,2016,,,,,,,
186,9789571368542,你說，寮國,你說，寮國到底有什麼？,861.67,4254,2017,,,,,,,
187,9789571371894,刺殺騎士團,刺殺騎士團長 第二部 隱喻遷移篇(平裝),861.57,8354,2017,,,,,,,
188,9789575451615,動物農莊,動物農莊,873.57,7751,1977,,,,,,,
189,9789864761678,TLI v1,The Linux Programming Interface 國際中文版（上冊）,312.54,2714,2016,v.1,fail,,,,,
190,9789866151705,書櫃偏執狂,書櫃偏執狂的木工聖經：0.1mm決不退讓！跟著日本宅男大叔的手作魂打造完美書櫃！,474.3,8559,2014,,fail,,,,,
191,9789864762514,Debugging,Debugging 中文版：軟體與系統除錯的 66 個具體作法,312.923,5322,2016,,fail,,,,,
192,9789869307055,現代樂理1,現代樂理（一）超簡單學習法（第七版）,911.1,4407,2017,,fail,,,,,
193,9789862019689,Eclipse,Eclipse完全攻略：從基礎Java到PDF外掛開發（第三版）,312.92,3521,2014,,fail,,,,,
194,9789864341030,MC新魔法,Minecraft的新魔法： 打破虛擬沙盒世界的界限,312.8,8767,2016,,fail,,,,,
195,9789864342365,資料結構Py,圖解資料結構：使用Python,312.73,8866,2017,,,,,,,
196,9789862017883,無瑕番外篇,無瑕的程式碼（番外篇）專業程式設計師的生存之道,312.2,7131,2013,,fail,,,,,
197,9789862767191,易讀程式之,易讀程式之美學：提升程式碼可讀性的簡單法則,312.2,2451,2013,,fail,,,,,
198,9789864763269,資料視覺化,資料視覺化：使用Python與JavaScript,312.74,8765,2017,,fail,,,,,
199,9789864761982,資料科學Py,Data Science from Scratch中文版：用Python學資料科學,312.32P97,4724,2016,,fail,,,,,
200,9789866076992,Make：15,Make：國際中文版15,400,8024,2015,v.15,,,,,,
201,9789862283356,別笑德語,別笑！我是德語學習書（附MP3 CD）,805.28,8088,2013,,,,,,,
202,9789866703638,標準日本語3,大家學標準日本語（高級本）,803.18,8656,2012,v.3,,,,,,
203,9789866703621,標準日本語2,大家學標準日本語（中級本）,803.18,8656,2012,v.2,,,,,,
204,9789864761333,精通 Go,精通 Go 程式設計,312.32G6,8622,2016,,,,,,,
205,9789864761753,網站擷取Py,網站擷取：使用Python,312.32P97,8733,2016,,,,,,,
206,9789862766699,Git2e,版本控制使用Git（第二版）,312.92,8544,2013,,fail,,,,,
207,9789864762729,Python自動,Python自動化的樂趣： 搞定重複瑣碎&單調無聊的工作,312.32P97,4224,2016,,fail,,,,,
208,9789863123439,圖解IOT,超圖解物聯網IoT實作入門：使用JavaScript、Node.JS、Arduino、Raspberry Pi、ESP8266、Espruino,312.952,8489,2016,,,,,,,
209,9789863700180,素人木作！,素人木作！超easy的木作收納百科,474.3,8773,2015,c.1,,,,,,
210,9789861793405,一輩子旅行,活用一輩子的旅行筆記術,019.2,2633,2014,,,,,,,
211,9789869124010,高效手帳筆,圖解．一寫就成真！神奇高效手帳筆記術：4色手寫＋40種記事提案，第一本真正教你如何寫手帳的工具書,019.2,2750,2014,,,,,,,
212,9789862019542,告別瀑布Scr,告別瀑布，擁抱Scrum：解析微軟與Adobe如何在30天內開發出新軟體,312.92,5014,2014,,,,,,,
213,9789863795230,全能Android,全能Android絕對正確培養聖經,312.52,3138,2017,,fail,,,,,
214,9789861794648,一輩子筆記2,活用一輩子的讀書筆記術【完全攻略版】,019.2,2633,2016,,,,,,,
215,9789578279063,大家的日本,大家的日本語 初級Ⅰ,803.18,1721,2006,,,,,,,
216,9789868774193,完美牛排烹,完美牛排烹飪全書─12道全世界都在享用的經典牛排食譜,427.212,1037,2012,,,,,,,
217,9789869015257,就是愛烤肉,就是愛烤肉：詹姆士烤肉訣竅全公開,427.1,8445,2014,,,,,,,
218,9789866033759,咖啡入門教,咖啡入門教科書,427.42,8559,2013,,,,,,,
219,9789866703607,標準日本語1,大家學標準日本語（初級本）,803.18,8656,2012,v.1,,,,,,
220,9789571371870,刺殺騎士團1,刺殺騎士團長 第一部 意念顯現篇(平裝),861.57,4254,2017,,,,,,,
221,9789865680367,省錢修繕DIY,省錢修繕DIY全書,422.9,2225,2014,,,,,,,
222,9789863477310,IntroPython,精通 Python：運用簡單的套件進行現代運算,312.32P97,2702,2015,,,,,,,
223,9789861792286,一輩子筆記1,活用一輩子的筆記術,019.2,2633,2011,,,,,,,
224,9789576866067,一次搞定QA,一次搞定！木工Q&A,474.3022,8654,2009,,,,,,,
225,9789866185601,大師木工秘,大師不傳的木工秘訣(平裝),474.3,8434,2011,,,,,,,
226,9789571352503,1Q84B3,1Q84(Book3),861.479,8354,2009,v.3,,,,,,
227,9789867139283,圓滿家庭木,圓滿家庭木作計畫,474.3,863,2010,,,,,delete,,
228,9789867637420,一坪家庭菜,一坪家庭菜園(平裝),435.2,7456,2009,,,,,delete,,
229,9789572239346,Android3,Google！Android 3手機應用程式設計入門 第四版 (平裝),448.845029,8537,2011,,,,,,,
230,9780321680563,PPython3,Programming in Python 3,QA76.73.P98,S85,2010,,fail,,,delete,,
231,9789571342474,黑夜之後,黑夜之後,861.57,4254,2005,,,,,,,
232,9789867415912,我，機器人,我，機器人,874.57,1040,2006,,,,,,,
233,9789862766064,互動Arduino,最簡單的互動設計Arduino一試就上手（第二版）,471.516,1279,2012,,fail,,,,,
234,9789862762639,8051C語言,8051單晶片/C語言設計實務（第二版）,312.32C,8655,2011,,fail,,,,,
235,9789866482588,數位攝影的,數位攝影的第一堂課(附CD),950,8746,2009,,,,,delete,,
236,9789866555633,居家修繕自,居家修繕自己來完全圖解,422.9,2225,2010,,,,,delete,,
237,9789571313405,世界末日與,世界末日與冷酷異境,861.57,4425,1994,,,,,,,
238,9789571351032,1Q84B1,1Q84(Book1),861.57,4254,2009,v.1,fail,,,,,
239,9780321699879,PPython3,Programming in Python 3,312.32P97,7899,2017,,,,,delete,,
240,9789862013571,Matz14思考,松本行弘的程式世界 ─ 成為一流程式設計師的14種思考術(平裝),312.1695,8347,2010,,fail,,,,,
241,9789571341156,聽見100村上,聽見100%的村上春樹,783.18,4254,2004,,,,,,,
242,9789571348858,村上春樹心,村上春樹心底的中國,861.57,4591,2008,,,,,,,
243,9789571324906,萊辛頓的幽,萊辛頓的幽靈,861.57,8357,1998,,,,,,,
244,9789571343945,終於悲哀的,終於悲哀的外國語,861.6,8354,2006,,,,,delete,,
245,9789861242453,抗生素迷思,抗生素的迷思,399.51,886,2004,,,,,delete,,
246,9789576667244,圖解生化學,最新圖解生化學,399,8346,2001,,fail,,,,,
247,9789570517989,閱讀一本書,如何閱讀一本書,019.1,7124,2007,,,,,,,
248,9789570316001,7 brains,7 brains─怎樣擁有達文西的七種天才(平裝),176.4,4443,1999,,,,,,,
249,9789861812397,Rails2e,Rails敏捷開發網站 2ed,312.91695,8489,2007,,fail,,,,東勢,
250,9789576213625,所羅門王的,所羅門王的指環,383.7,9924,1997,,,,,delete,,
251,9789576214912,統計讓數字,統計，讓數字說話!,510,8797,2002,,,,,,,
252,9789575279776,RubyProg,Ruby Programming－向Ruby之父學程式設計,312.92,428,2006,,fail,,,,東勢,
253,9789574935529,C問題解決,C程式語言設計與問題解決,312.32C,2121,2002,,fail,,,,,
254,9789571032719,巨龍傳奇,魔獸爭霸：巨龍傳奇,874.57,4040,2006,,,,,,,
255,9789575278052,UMLJava,打好基礎：學會UML與Java塑模的理論與實作,312.92,3866,2005,,fail,,,delete,,
256,9789578247062,Perl學習手冊,Perl學習手冊,312.32P39,4248,1999,,fail,,,,東勢,
257,9789571323831,牧羊少年奇,牧羊少年奇幻之旅,885.7157,4114,1999,,,,,,,
258,9789571338408,海邊卡夫上,海邊的卡夫卡(上),861.57,4254,2003,,,,,,東勢,
259,9789571315775,遇見100女孩,遇見100%的女孩,861.57,4254,1997,,,,,,東勢,
260,9789575604509,傷心咖啡店,傷心咖啡店之歌,857.7,2590,1996,,,,,,東勢,
261,9789571338415,海邊卡夫下,海邊的卡夫卡(下),861.57,4254,2003,,,,,,東勢,
262,9789575452919,百年孤寂,百年孤寂,874.57,7144,1992,,,,,,,
263,9789867600790,在天堂遇見,在天堂遇見的五個人,874.57,8797,2004,,,,,,,
264,9789574662807,精通Python,精通Python,312.32P7,8656,2001,,fail,,,,東勢,
265,9789867199645,世紀末軟體,世紀末軟體革命復刻版,312.92,4610,2006,,,,,,,
266,9789577105943,日文法攜帶,新版圖表日文法攜帶版,803.16,8496,2012,,fail,,,,,
267,9789571351025,1Q84B2,1Q84(Book2),861.57,4254,2009,v.2,,,,,,
268,9780131100800,VHDL2,Digital Electronic with VHDL,621.381,2754,2004,v.2,,,,,,
269,9789863700180,素人木作！,素人木作！超easy的木作收納百科,474.3,8773,2015,c.2,,,,,,
270,9789572138632,材料認識I,材料認識與應用I,967,2613,2004,v.1,,,,,,
271,9789572143636,材料認識II,材料認識與應用II,967,2613,2004,v.2,,,,,,
272,9789864342488,演算法之美,演算法之美 ： 隱藏在資料結構背後的原理(C++),318.1,4012,2017,,,,,,,
273,9789866843020,別笑西班牙,別笑!我是最實用西班牙語學習書,804.78,4030,2013,,,,,,,
274,9789862016350,Java職場進,Java程式設計師的職場進化之路,494.35,2612,2012,,,,,,,
275,9789864341313,CodeCom2e,CODE COMPLETE 2中文版：軟體開發實務指南（第二版）,312.2,8363：3,2018,,,,,,,
276,9789863791447,QtAndroid,比Eclipse更強的Qt on Android全腦開發聖經,312.52,8366,2015,,,,,,,
277,9789864342709,金融科技實,金融科技實戰 ： Python與量化投資,563.5029,4402,2017,,,,,,,
278,9789863193159,獵魔士5A,獵魔士長篇５：湖之主，上,882.157,8537,2018,v.5.1,,,,,,
279,9789863193166,獵魔士5B,獵魔士長篇５：湖之主，下,882.157,8537,2018,v.5.2,,,,,,
280,9789864343386,Python爬蟲,Python ： 網路爬蟲與資料分析入門實戰,312.32P97,4421,2019,,,,,,,
281,9789577089069,完全北野武,完全北野武,987.83,8677,1999,,,,,,,
282,9789866529054,口腔科醫學,口腔科醫學百科辭典,410.41,8034,2008,,,,,,,
283,9789571407722,三國演義上,三國演義（上）,857.4523,6546,2007,v.1,,,,,,
284,9789571407722,三國演義下,三國演義（下）,857.4523,6546,2007,v.2,,,,,,
285,9789574595600,孫子兵法智,孫子兵法－智略人生01,592.092,3425,2002,,,,,,,
286,9789864209545,基礎西班牙,基礎西班牙語互動學習,804.78,2541,2004,,,,,,,
287,9789864206735,法語一學就,法語一學就會,804.558,8730,2003,,,,,,,
288,9789864200849,德語發音與,德語發音與糾音,805.241,1042,2002,,,,,,,
289,9789861454153,德語會話快,德語會話快速入門,805.288,4414,2005,,,,,,,
290,9789867967138,臺灣熱門最,臺灣熱門最佳去處,673.26,1763,2002,,,,,,,
291,9789866464027,日本語文法,日本語文法百科辭典,803.16,8326,2015,,,,,,,
292,9789579746649,牙科緊急處,牙科緊急處理手冊,416.9026,8862,2000,,,,,,,
293,3135112012,P Anatomy,Pocket Atlas of Human Anatomy,394,F353,1976,,,en,,,,
294,9789572032121,實用洞簫,實用洞簫教本(簡譜),918.1,8566,2001,,,,,,,
295,9789860090246,唐山扁笛,唐山扁笛樂譜 C調入門篇 (二、三 合訂本),918.9,8445,2004,,,no isbn,,,,
296,9787807462880,柳公權.玄,柳公權.玄秘塔碑,943.5,4554,2002,,,no isbn,,,,
297,9789576409417,簡明微生物,簡明微生物學,369,2750,2006,,,,,,,
298,9780716743392,Lehn生化4e,Lehninger Principles of Biochemistry 4ed,399,N425,2005,,,en,,,,
299,9789576665370,圖解藥理2e,最新圖解藥理學 2ed,418.1,4404,1998,,,,,,,
300,9789576660658,局部活動義,局部活動義齒製作手冊,416.9,8454,1992,,,,,,,
301,9789575941505,病理學5e,最新病理學 5ed,415.1,8021,2009,,,,,,,
302,914168819,Netters,Netter’s  Atlas of Human Anatomy 2ed,394,N474,1997,,,en,,,,
303,9789579231046,文馨英漢,文馨當代英漢辭典,805.132,8363,1994,,,,,,,
304,9789578468320,革命前夕,革命前夕的摩托車之旅,885.726,8434,1997,,,,,,東勢,
305,9789867529435,Perl學習,Perl學習手札,312.32P39,8826,2004,,,,,,,
306,9789575271107,Delphi4.0,Delphi4.0徹底研究,312.32D44,8769,1998,,,,,,,
307,9789572305904,Linux實務,Linux 實務手冊,312.954,4600,1998,,,,,,東勢,
308,9780134757599,重構2e,"Refactoring： Improving the Design of Existing Code, 2nd Edition",312.2,3144,2019,,,ebook,,,informit.com,
309,9789571374765,基因,基因：人類最親密的歷史 (電子書),363.81,2644,2018,,,ebook,,,博客來,
310,9789571377476,馴化,馴化：改變世界的10個物種 (電子書),380,6048,2019,,,ebook,,,博客來,
311,9789863701903,木作解剖,木作家具解剖全書：超過100件經典家具，1300張完全圖解，美國、英國暢銷逾10年的木工家具製作聖經。 (電子書),474.3,4015,2019,,,ebook,,,博客來,
312,9789572244784,Scratch,程式設計輕鬆學 ： 使用Scratch 2.X,524.375,8334,2015,,,,,,,
313,9789868855304,烏克玩家,烏克麗麗玩家(三版),916.6504,8545,2014,,,,,,,
314,9789578950214,當失戀的我,當失戀的我，遇上尼采,861.57,7680,2018,,,,,delete,,
315,9789864343058,PyQT5,Python GUI程式設計 ： PyQt 5實戰,312.32P97,1011,2018,,,,,,,
316,9789861755267,原子習慣,原子習慣 ： 細微改變帶來巨大成就的實證法則,176.74,4021,2019,,,,,,,
317,9789864342129,R資料分析,R語言資料分析：從機器學習、資料探勘、文字探勘到巨量資料分析 [第二版],312.74,8466,2017,,,,,,,
318,9789866829727,韓語課本,我的第一本韓語課本(附MP3),803.28,8874,2010,,,,,,,
319,9789864764198,Haskell,Haskell的魔力：函數式程式設計入門與應用,312.2,4427,2017,,,,,,,
320,9789864342587,Python也,Python也可以這樣學,312.32P97,4426,2017,,,,,,,
321,9789572211359,QB4.5,中文版QuickBASIC 4.5程式設計速成,312.32B3,4422,1993,,,,,,東勢,
322,9789864215577,Word排版,Word排版藝術,312.949,2755,2004,,,,,,東勢,
323,9789577764287,星座圖鑑,星座圖鑑視覺版,323.8,4454,2002,,,,,,東勢,
324,9789573227557,三國策,爭鋒奇術三國策,857.4523,2614,1996,,,,,,東勢,
325,9780155073456,CriRead,An introduction to critical reading,808.0427,M132,2000,,,,,,東勢,
326,9789575666316,EssC++,Essential C++中文版,312.32C,2786,2001,,,,,,,
327,9789867529152,LPI手冊,如何通過Linux認證－LPI應試教戰手冊,312.54,8573,2010,,,,,,,
328,9789572307465,硬碟博士,硬碟博士開講,471.552,1144,1999,,,,,,東勢,
329,9789861258720,遊戲之旅,遊戲之旅 ： 我的程式設計感悟,997.029,1077,2006,,,,,,,
330,9789572043073,UO黎明,網路創世紀之黎明曙光官方授權超完全攻略,997.029,874,2001,,,,,,東勢,
331,9789861936246,學生辭典,標準國音學生辭典,802.3,6025,1994,,,fake isbn,,,,
332,9789869065696,VegasPro,Vegas Pro不敗經典：邁向專業剪輯的48個具現化的技法與程序,312.8,8648,2014,,,,,,,
333,9789866077043,韓語文法,我的第一本韓語文法：輕鬆圖解一看就懂的韓語文法入門書(附MP3),803.26,3076,2011,,,,,,,
334,9789862763377,設計的設計,設計的設計：一位電腦科學家的設計歷險,964.029,4244,2011,,,,,,,
335,9789862281833,法文學習書,別笑!我是法語學習書(附MP3 CD+隨身小手冊),804.58,8763,2010,,,,,,,
336,9789864768592,Kotlin實戰,Kotlin實戰手冊,312.52,2465,2018,,,,,,,
337,9789864344703,C#入門,C#程式設計入門與實務：百分百自學手冊 ( 最新 Visual Studio 2019 版),312.32C,8676,2020,,,,,,,
338,9789865021498,Py機器學習,Python機器學習與深度學習特訓班：看得懂也會做的AI人工智慧實戰(附120分鐘影音教學/範例程式), 312.32P97,0371,2019,,,,,,,
339,9789865024055,增壓Py,增壓的Python：讓程式碼進化到全新境界, 312.32P97,1151,2020,,,fake author num,,,,
340,9789570516616,伯羅奔尼撒,伯羅奔尼撒戰爭史 : 雅典斯巴達戰爭史,740.2135,2402,2000,,,,,,,
341,9789865080181,明智本能寺,明智光秀與本能寺之變：日本史上最大的謎團和逆轉劇,731.257,4794,2017,,,,,,,
342,9789865080136,戰國這樣讀,日本戰國這樣讀：認識六位名將，說一嘴好戰國！, 731.254,863,2019,,,,,,,
343,9789869351232,真田三代,真田三代：幸綱、昌幸、信繁 橫跨戰國時代的武將家族傳奇, 783.17,8569,2016,,,,,,,
344,9789867480972,滅蜀記,滅蜀記, 622.4,4046,2008,,,,,,,
345,9789571321998,舞舞舞下,舞．舞．舞（下）, 861.57,4254,1996,v.2,,,,,,
346,9789571318363,發條鳥1,"發條鳥年代記 第一部,鵲賊篇", 861.57,4254,1995,v.1,,,,,,
347,9789861856445,冰火.2-A,冰與火之歌第二部:烽火危城（上冊）,874.57,834,2012,v.1,,,,,,
348,9789864344901,AndroTDD,Android TDD 測試驅動開發：從UnitTest、TDD到DevOps實踐（iT邦幫忙鐵人賽系列書）,312.52,7515,2020,,,,,,,
349,9789869772617,Rust,我Rust我驕傲：生來高人一等的快速優雅語言,312.32,8767,2019,,,,,,,
350,9789869124072,腦力激盪術,博報堂最強腦力激盪術：廣告金獎團隊的6大討論原則X8個腦袋不卡關的思考點X9個創意訓練法 (電子書),494.4,4496,2018,,,ebook,,,,
351,9789865070687,番茄工作法,間歇高效率的番茄工作法：25分鐘，打造成功的最小單位，幫你杜絕分心、提升拚勁[風靡30年的時間管理經典] (電子書),494.1,1063,2020,,,ebook,,,,
352,9789869681735,自由的窄廊,自由的窄廊:國家與社會如何決定自由的命運,571.94,4362,2020,,,誠品,,,,
353,9789864345014,NLP工程師,NLP工程師養成術: 自然語言處理入門,312.835,2212,2020,,,,,,,
354,9789579164986,雜談的能力,雜談的能力 (電子書),192.32,3328,2019,,,ebook,,,,
355,9789579654272,微軟簡報,我在微軟學到的模組簡報技術  (電子書),494.6,4451,2019,,,ebook,,,,
356,9789865071103,柴鼠學FQ,跟著柴鼠學FQ，做自己的提款機：為投資理財打好基本功，讓你不靠勞力，增加被動收入，快速FIRE (電子書),563,2768,2020,,,ebook,,,,
357,9789865070113,跟錢做朋友,跟錢做朋友：向日本股神學習影響一生的致富觀，打通金錢通道的理財課 (電子書),563,4240,2019,,,ebook,,,,
358,9789865501440,推薦系統,矽谷資深演算法大師：帶你學深度學習推薦系統(附8頁彩頁)312.831,312.831,8728,2020,,,,,,,
359,9789861731605,孫子三論,孫子三論：從古兵法到新戰略,592.092,8728,2007,,,,,,,
360,9789578630758,幕末1,幕末：日本近代化的黎明前 V1,731.268,3425,2018,v.1,,,,,,
361,9789578630765,幕末2,幕末：日本近代化的黎明前 V2,731.268,3425,2018,v.2,,,,,,
362,9789578630772,幕末3,幕末：日本近代化的黎明前 V3,731.268,3425,2018,v.3,,,,,,
363,9789869109321,21th資本論,二十一世紀資本論,550.187,4025,2014,,,,,,,
364,9789863594475,大腦這樣學,大腦喜歡這樣學：先認識自己的大腦，找到正確的思考路徑，就能專注、不拖延，提高記憶力，學會如何學習(二版),310.3,7744,2017,,,,,,,
365,9789863596585,學習學習,學習如何學習：給青少年的大腦特訓課，讓你學什麼都會、記憶力升級、告別拖拖拉拉，考試拿高分！,521.1,7744,2019,,,,,,,
366,9789864342112,遊戲核心,遊戲核心技術全攻略：多人線上遊戲的企劃與實作,312.8,8646,2017,,,,,,,
367,9789577412607,OUTPUT,最高學以致用法：讓學習發揮最大成果的輸出大全,521.1,4432,2020,,,,,,,
368,9789864345113,ML數學,機器學習的數學：用數學引領你走進AI的神秘世界,310,833,2020,,,,,,,
369,9789865501303,Flutter,橫跨Android及Apple的神話：用Dart語言神啟Flutter大業,312.52,2111,2020,,,,,,,
370,9789863844587,MindF*ck,Mindf*ck 心智操控[劍橋分析技術大公開]：揭祕[大數據AI心理戰]如何結合時尚傳播、軍事戰略，深入你的網絡神經，操控你的政治判斷與消費行為！ (電子書),312.74,856,2020,,,ebook,,,,
371,9789863844044,Targeted,操弄[劍橋分析事件大揭祕]幫川普當選、讓英國脫歐，看大數據、Facebook 如何洩露你的個資來操弄你的選擇？ (電子書),312.74,855,2020,,,ebook,,,,
372,9789864712977,AI導論,人工智慧導論 (電子書),312.831,8275,2020,,,ebook,,,,
373,9789865025168,D3指南,D3實用指南：程式設計師和科學家的互動式圖形工具箱,312.32,8655,2020,,,,,,,
374,9787516822722,閃電戰,從閃電戰到沙漠風暴：戰爭戰役層級發展史,590.9,8563,2019,,,,,,,
375,9789865519087,戰略大歷史,戰略大歷史：戰略是人類永恆的遊戲規則，懂戰略，你就能理解世界、定位他人，掌握自己的優勢,592.91,2626,2020,,,,,,,
376,9789865515089,經濟學思考,經濟學的思考方式：經濟學大師寫給大眾的入門書,550,4021,2020,,,,,,,
377,9789862355541,烏合之眾,烏合之眾：為什麼[我們]會變得瘋狂、盲目、衝動？讓你看透群眾心理的第一書,541.773,4400,2017,,,,,,,
378,9789863448112,二戰史上,第二次世界大戰戰史（上下冊套書）（二戰終戰七十五週年紀念版）上,592.9154,4026,2020,v.1,,,,,,
379,9789863448112,二戰史下,第二次世界大戰戰史（上下冊套書）（二戰終戰七十五週年紀念版）下,592.9154,4026,2020,v.2,,,,,,
380,9789579501866,戰場守則,小老百姓的戰場行動守則,542.2,8754,2020,,,,,,,
381,9789578654846,國家決斷,國家的決斷：給台灣人看的二戰後國際關係史 (電子書),578.1,1164,2019,,,ebook,,,,
382,9789865524302,美國決斷,美國的決斷[附獨家張國城專文-我們為什麼該關心國際關係？] (電子書),578.52,1164,2020,,,ebook,,,,
383,9789861343624,精準思考,精準思考：跨領域才是關鍵！洞悉問題本質，找到最佳答案[獨家附作者解說專文＋影片] (電子書),494.2,5360,2020,,,ebook,,,,
384,9789869785082,發現問題,發現問題思考法：突破已知框架，打開未知領域，升級你的思考維度 (電子書),494.1,2814,2019,,,ebook,,,,
385,9789869833042,會計思維,會計思維，你的最強理財武器：從家庭帳本到企業分析，增值你的財富，有效管理每一塊錢 (電子書),421.1,8463,2019,,,ebook,,,,
386,9789577025944,邏輯思考,邏輯思考,150, 8734,2003,,,,,,,
387,9789578950733,邊寫邊思考,邊寫邊思考的大腦整理筆記法： 養成「書寫-思考-解決」的習慣，增加生產力，強化學習力，紓解壓力，心智升級！ (電子書),176.4,0444,2018,,,ebook,,,,
388,9789865071509,只有讀書,只有讀「書」能抵達的境界：雖然知識、資訊唾手可得，但只有「閱讀一本書」的過程，才能鍛鍊思考力、人格與素養 (電子書),019.1,8444,2020,,,ebook,,,,
389,9789863126508,AI 醫療,AI 醫療 DEEP MEDICINE,362.10285,8463,2020,,,,,,,
390,9789864345342,Py純文字,Python純文字冒險遊戲程式設計,312.32P97,8463,2020,,,,,,,
391,9789578950481,我只能這樣,我只能這樣嗎？：讓你從谷底翻身的七大生活原則，預約自己的理想人生 (電子書),177.2,8584,2018,,,ebook,,,,
392,9789865071684,下班學習,下班後1小時的極速學習攻略：職場進修達人不辭職，靠[偷時間]高效學語言、修課程，10年考取10張證照 (電子書),494.01,4033,2020,,,ebook,,,,
393,9789865534073,災難超前,災難超前部署手冊：食物、照明、用水、環境、健康、安全、聯絡、社群，教你任何危難都能迎刃而解的40項應急技能！,411.96,8257,2020,,,,,,,
394,9789865021924,深度學習,深度學習,312.831,8766,2019,,,,,,,
395,9789571383583,棄貓,棄貓 關於父親，我想說的事,861.67,8354,2020,,,,,,,
396,9789865022754,PragProm,The Pragmatic Programmer 20週年紀念版,312.2,8757,2020,,,,,,,
397,9789869807296,OpenCV,科班出身的AI人必修課：OpenCV影像處理 使用python,312.831,854,2020,,,,,,,
398,9789863126386,GAN,GAN 對抗式生成網路,312.831,854,2020,,,,,,,
399,9789578654945,帝國帝國,帝國何以成為帝國：一部關於權力、差異、與互動的全球政治史（插圖新版，大學通識課程必讀）,711,8645,2020,,,,,,,
400,9789864890934,科學大歷史,科學大歷史：人類從走出叢林到探索宇宙， 從學會問[為什麼]到破解自然定律的心智大躍進 (電子書),309,8774,2017,,,ebook,,,,
401,9789575451023,荒野之狼,荒野之狼,875.57,833,1993,,,,,,,
402,9789861755144,學得更好,Learn Better 學得更好 (電子書),521.1,2736,2019,,,ebook,,,,
403,9789570851533,海權爭霸,海權爭霸：世界7大海洋的歷史與地緣政治，全球列強戰略布局與角力 (電子書),592.42,9304,2018,,,ebook,,,,
404,9789570856712,大戰略,大戰略：耶魯大學長紅20年大師課程，從歷史提煉的領導決策心法 (電子書),355.4,9043,2021,,,ebook,,,,
405,9789863195245,風暴季節,獵魔士：風暴季節,882.157,8537,2021,,,,,,,
406,9789865162436,大數據,大數據、資料探勘與智慧運營 (電子書),312.7565,867,2019,,,ebook,,,,
407,9789575036843,遊戲開始,遊戲現在開始 (電子書) Click Here to Start,874.596,867,2020,,,ebook,,,,
408,9789865072018,聚焦時間,聚焦時間管理法：只做最重要的事，活出最佳人生節奏 (電子書),177.2,4440,2020,,,ebook,,,,
409,9789865070335,逆算手帳,從未來寫回來的逆算手帳：利用「想像願景→計畫→行動」的反推習慣，讓你目標不失焦、心情不煩躁、做事不拖延 (電子書),177.2,8457,2019,,,ebook,,,,
410,9787101147193,武經七書,(簡體字)武經七書（插圖版）,083.2,1324,2020,,,,,,,
411,9789864345496,LineBot,LINE Bot by Python 全攻略：從Heroku到AWS跨平台實踐（iT邦幫忙鐵人賽系列書）,312.831,8414,2020,,,,,,,
412,9789865552459,0負擔天文,0負擔天文課：輕薄短小的109堂課，變身一日太空人 (電子書),320,2751,2020,,,ebook,,,,
413,9787302475897,區塊鏈實戰,區塊鏈實戰：比特幣×以太坊×分散式帳本×非對稱加密×大數據×人工智慧 (電子書),563.146,2634,2021,,,ebook,,,,
414,9789865552664,精準學習,精準學習：學霸都在用的41項法則，打造高效率讀書心法 (電子書),494.2,5360,2021,,,ebook,,,,
415,9789865164140,源起,源起：詭異波斯×自戀希臘×殘暴羅馬，古文明真面目大公開 (電子書),711,7532,2021,,,ebook,,,,
416,9789863985761,大腦記憶,大腦這樣記憶，什麼都學得會：精通所有技能的最高學習法，比爾蓋茲、記憶冠軍、高績效人士一生受用的記憶習慣 (電子書),394.91,4022,2020,,,ebook,,,,
417,9789864342044,7天設計,7天學會設計模式：設計模式也可以這樣學 (電子書),312.2,8574,2017,,,ebook,,,,
418,9789863775515,極簡整理,懶人最需要的高效率「極簡整理術」 (電子書),494.4,8291,2019,,,ebook,,,,
419,9789869838283,最後一役,最後一役：納粹第三帝國的末日,940.54,8446,2020,,,,,,,
420,9789869938167,海上傭兵,海上傭兵：十七世紀東亞海域的戰爭、貿易與海上劫掠,951.2,8466,2021,,,,,,,
421,9789577413109,INPUT,最高學習法：激發最大學習效率的輸入大全(INPUT), 521.1,4324,2020,,,,,,,
422,9789579609050,一天27時,我的一天有27小時：創造「專屬於自己的3小時」人生・工作的超級整理法,494.01,4411,2018,,,,,,,
423,9789864761128,Swift2nd,Swift 程式設計必學基礎(二版),312.2,8755,2016,,,,,,,
424,9789864344055,中文NL,中文自然語言處理實戰：聊天機器人與深度學習整合應用,312.835,8484,2019,,,,,,,
425,9789864779307,好和弦,NiceChord 好和弦：Wiwi寫給想做音樂的你，厲害的人都在用！超過80個寫歌、編曲創作原理,911.14,8343,2020,,,,,,,
426,9789864779611,啾啾鞋,冷知識背後的熱思考：啾啾鞋教你幫大腦開外掛的30個法則,494.1,8664,2021,,,,,,,
427,9789869822626,免疫解碼,免疫解碼：免疫科學的最新發現，未來醫療的生死關鍵,415.69,8555,2020,,,,,,,
428,9789862139189,棋士與AI,棋士與AI：AlphaGo開啓的未來,997.11,1081,2018,,,,,,,
429,9789863775119,藝用人體,藝用人體解剖地圖：穩坐人體型態研究的經典書籍寶座，長暢37年不墜,901.3,2740,2019,,,,,,,
430,9789863701958,圖解汽車,圖解汽車原理與構造：超過500張全彩解剖插圖，專有名詞中英對照，一舉透視汽車組成奧義！,447.1,1184,2019,,,,,,,
431,9789579588072,日文練習,日文平假名‧片假名練習簿,803.11,8744,2017,,,,,,,
432,9789865785956,德語課A1,我的專屬德語家教課 A1初級,805.28,4406,2016,v.1,,,,,,
433,9789869539524,德語課A2,我的專屬德語家教課 A2中級,805.28,4406,2017,v.2,,,,,,
434,9789573288855,KGB記憶,KGB間諜式記憶術：高效記憶、即刻應用，打造超級大腦的7段式情境訓練,176.338,8087,2020,,,ebook,,,,
435,9789861735931,動物農莊,動物農莊《時代雜誌》評選百大不朽小說　中文版有聲書首度上市 (電子書),873.57,8753,2010,,,ebook,,,,
436,4713510945193,有機天堂I,有機化學天堂祕笈I (電子書),346,4046,2018,V.1 ,,ebook,,,,
437,4713510945209,有機天堂II,有機化學天堂祕笈II (電子書),346,4046,2018,V.2 ,,ebook,,,,
438,9789863126232,圖解Ardu4,超圖解 Arduino 互動設計入門（第四版）,471.516,8489,2020,4th,,,,,,
439,9789863125235,圖解pyIOT,超圖解 Python 物聯網實作入門：使用 ESP8266 與 MicroPython,312.32P97,8489,2018,,,,,,,
440,9789865668945,QGIS大數據,當代Q地理資訊系統：從人文社會到大數據,609.029,8446,2017,,,,,,,
441,9789862487839,毒家企業,毒家企業：從創造品牌價值到優化客戶服務，毒梟如何經營販毒集團？,548.82,8385,2019,,,,,,,
442,9789865022914,PPearls2,"Programming Pearls, 2nd Edition（中文新修版）",312.2,8485,2019,,,,,,,
443,9789869438711,日語結構,大家學標準日本語：日語結構解密,803.16,8656,2018,,,,,,,
444,9789869963206,A字幕機,Arduino字幕機自造與程式設計,471.516,8258,2021,,,,,,,
445,9789571381008,哈佛談判力,從說服自己開始的哈佛談判力 (電子書),7177.4,8350,2020,,,ebook,,,,
446,9789865071806,健身新手,健身新手重訓攻略：槓片啞鈴×阻力帶×健身器材，新手必學的五大重訓，教你正確施力、精準增肌 (電子書),411.711,4234,2020,,,ebook,,,,
447,9789573287049,旅行寫作課,旅行者的寫作課：從題材挖掘、塑造觀點到改稿，寫出旅行見聞的深度、廣度和溫度 (電子書),811.35,8637,2020,,,ebook,,,,
448,9789573287933,哈佛寫作課,150年歷史的哈佛寫作課祕訣 (電子書),811.1,8663,2020,,,ebook,,,,
449,9789579094771,財報會計課,一人開公司快學速會的財報會計課：直觀、圖解、實例、分析，從完全不懂到一次全會 (電子書),495.4,8023,2020,,,ebook,,,,
450,9789865524364,迷因,迷因：基因和迷因共謀的人類心智和文化演化史,304.5,8845,2021,,,ebook,,,,
451,9789864893126,經濟學40,經濟學的40堂公開課：倫敦政經學院教授，生動剖析經濟學家如何思考，讓經濟學成為改變世界的力量 (電子書),550,2247,2018,,,ebook,,,,
452,9789863702412,木工表面,木工表面處理：正確選擇和使用塗料（暢銷歐美15年，全球銷量超50萬的經典教科書） (電子書),474,8585,2020,,,ebook,,,,
453,9789863773085,人體機能2,人體機能解剖全書vol.2 (電子書),397,8486,2017,v.2,,ebook,,,,
454,9789579094191,個人財報,【個人化】財務報表，最強理財術 (電子書),563,8356,2019,,,ebook,,,,
455,9789863126195,NumPy,NumPy 高速運算徹底解說：六行寫一隻程式？你真懂深度學習？手工算給你看！,312.32P97,4065,2020,,,,,,,
456,9789865005047,Regex,Regular Expression：橫刃萬解程式的關鍵語言-正規表示法 （第二版）,312.3,854,2021,,,,,,,
457,9789865005023,計概心法,計算機科學的哲學：破解IT技術難題的秘密心法(第二版),312.136,8356,2020,,,,,,,
458,9789865070885,五類思考,把問題化繁為簡的思考架構圖鑑：五大類思考力 ╳ 60款工具，提升思辨、創意、商業、企畫、分析力，讓解決問題效率事半功倍 (電子書),494.35,8656,2020,,,ebook,,,,
459,9789578759565,地圖歷史,地圖的歷史：從石刻地圖到Google Maps，重新看待世界的方式（二版） (電子書),609.2,4641,2019,,,ebook,,,,
460,9789865722364,地圖世界史,十二幅地圖看世界史：從科學、政治、宗教和帝國，到民族主義、貿易和全球化，十二個面向，拼出人類歷史的全貌 (電子書),609.2,863,2015,,,ebook,,,,
461,9789576818837,模具成型,模具零件成型磨削操作 (電子書),446.8964,4233,2019,,,ebook,,,,
462,9789865071165,大腦整理,讓思緒清晰、工作有條理的大腦整理習慣：扔掉不必要的思緒，簡化整理每天的工作與生活 (電子書),411.19,8063,2020,,,ebook,,,,
463,9789579096065,總體經濟學,政府的錢去哪了？寫給投資客的總體經濟學：一本書搞懂CPI╳法定準備金╳外匯存底╳財政赤字╳通貨膨脹 (電子書),550,4461,2021,,,ebook,,,,
464,9789576818080,汽車電工,汽車電工電子 (電子書),447.1,874,2019,,,ebook,,,,
465,9789576818820,模具拆裝,模具拆裝與零件檢測 (電子書),446.8964,855,2019,,,ebook,,,,
466,9789865552671,宇宙零時,宇宙零時：從太陽系倒流回大霹靂，宇宙謎團的解答之書 (電子書),323.9,833,2021,,,ebook,,,,
467,9787504473561,猶太心機,猶太心機：鍛鍊精準投資眼力，成為商場大戰最終贏家 (電子書),550.162,8372,2021,,,ebook,,,,
468,9789864344369,NodeMCU,物聯網實戰：使用樹莓派/Arduino/ESP8266 NodeMCU/Python/Node-RED打造安全監控系統 (電子書),471.516,4412,2019,,,ebook,,,,
469,9789864764464,ESP8266,實戰物聯網開發｜使用ESP8266 (電子書),471.516,8343,2017,,,ebook,,,,
470,9789864342143,絕讚插畫1,絕讚數位插畫繪製：CLIP STUDIO PAINT PRO 56種多樣上色技巧大公開,312.866,8563,2017,v.1,,,,,,
471,9789864343690,絕讚插畫2,絕讚數位插畫繪製 2：CLIP STUDIO PAINT PRO 50種特效和潤飾技巧大公開,312.866,8563,2019,v.2,,,,,,
472,9789864344598,絕讚插畫3,絕讚數位插畫繪製3：CLIP STUDIO PAINT PRO人物的描繪方法完全解說,312.866,637,2019,v.3,,,,,,
473,9789864342907,奇幻插畫,絕讚奇幻插畫繪製2：以CLIP STUDIO PAINT PRO表現空氣感的技法大公開,947.45,8563,2018,V.2,,,,,,
474,9789573614371,室內配線,室內配線(增訂再版),448.37,8061,2014,,,,,,,
475,9789864345786,A十全大補,Android十全大補：從Kotlin、MVVM到測試的全方面介紹（iT邦幫忙鐵人賽系列書）,312.52,8799,2021,,,,,,,
476,9789864347438,Scrapy,爬蟲在手 資料我有：7堂課學會高效率Scrapy爬蟲（iT邦幫忙鐵人賽系列書）,312.32P97,8665,2021,,,,,,,
477,9789571383576,外商Excel,外商投資銀行超強Excel獲利法 (電子書),312.49E9,8564,2020,,,ebook,,,,
478,9789571384054,資料製作術,外商顧問超強資料製作術 (電子書),494.45,4026,2020,,,ebook,,,,
479,9789869525695,常備鍋,常備鍋料理全書：用8款經典鍋具，燉肉、熬湯、煮飯、烤甜點等，做出66道東西方美味道地料理 (電子書), 427.1,7541,2017,,,ebook,,,,
480,9789865071479,備餐便當,【增肌．減脂．高蛋白】MEAL PREP備餐便當：營養師研發， 500卡健身瘦身便當 (電子書),427.17, 2715,2020,,,ebook,,,,
481,9789863126607,圖解ESP32,超圖解 ESP32 深度實作,312.52,8489, 2021,,,,,,,
482,9789575927196,氣象物聯網,風向、風速、溫溼度整合系統開發(氣象物聯網),471.516,8464,2021,,,,,,,
483,9789864347476,AndroidApp,跟著iOS Developer一起學寫Android App（iT邦幫忙鐵人賽系列書）,312.52,8255,2021,,,,,,,
484,9789865509156,法蘭西全史,法蘭西全史：從凱撒的高盧戰記到戴高樂將軍的自由法國，歐陸強權法蘭西的二千年史 (電子書),742.1,8355,2020,,,ebook,,,,
485,9789570849356,火頭工麵包,火頭工說麵包、做麵包、吃麵包 (電子書),427.16,2630,2017,,,ebook,,,,
486,9789570853506,酪梨食譜,低醣酪梨食譜：22道家常菜‧4道甜點‧4款常備醬，完整收錄30種酪梨新吃法 (電子書),427.1,8246,2019,,,ebook,,,,
487,9789864779345,自主學習,最高自主學習法：讀書‧工作，一生受用，快速提取資訊精華，駕馭各種複雜知識 (電子書),528.1,1044,2020,,,ebook,,,,
488,9789575926748,ESP32基礎,ESP32程式設計(基礎篇) (電子書),471.516,5535,2020,,,ebook,,,,
489,9789575926731,ESP32物聯,ESP32程式設計(物聯網基礎篇) (電子書),471.516,5535,2020,,,ebook,,,,
490,9789575926724,ESP32模組,ESP32程式教學(常用模組篇) (電子書),471.516,5535,2020,,,ebook,,,,
491,9789571370606,破案神探1,破案神探：FBI首位犯罪剖繪專家緝兇檔案（首部曲） (電子書),548.6952,3454,2017,v.1,,ebook,,,,
492,9789571371207,破案神探2,破案神探二部曲：犯罪是天生邪惡還是後天塑造？ FBI探員側寫連續殺人魔 (電子書),548.6952,3454,2017,v.2,,ebook,,,,
493,9789869874212,裝甲雄師3,裝甲雄師第三部 德意志非洲軍：第二次世界大戰德國裝甲部隊之創建、戰鬥與敗亡,596.943,7961,2020,v.3,,,,,,
494,9789869874229,裝甲雄師4,裝甲雄師第四部 巴巴羅沙征俄作戰：第二次世界大戰德國裝甲部隊之創建、戰鬥與敗亡,596.943,7961,2020,v.4,,,,,,
495,9789869874243,裝甲雄師5,裝甲雄師第五部：莫斯科在戰慄,596.943,7961,2020,v.5,,,,,,
496,9789869874250,裝甲雄師6,裝甲雄師第六部：浴血黃沙，1941北非冬季戰役,596.943,7961,2020,v.6,,,,,,
497,9789860134155,醫用台語,醫用台語教學修訂第二刷(附MP3),410.38,7774,2008,,,,,,,
498,9789866408557,這樣裝潢,這樣裝潢，不後悔,422.9,4444,2012,,,,,,,
499,9789866408731,這樣隔間,這樣隔間，不後悔,422.9,4444,2013,,,,,,,
500,9789865657086,系統家具,厲害！別小看系統家具,422.9,4444,2014,,,,,,,
501,9789863702467,木工接合,木工接合大全：暢銷歐美10餘年，升級木工技藝的必備工具書,474,833,2021,,,,,,,
502,9789863702771,骨關節3,骨關節解剖全書3 脊柱、骨盆與頭部,416.25,8534,2021,,,,,,,
503,9789860645026,克蘇魯1,克蘇魯神話 I：呼喚（限量『死靈之書‧邪神召喚』特裝版）,874.57,3545,2021,v.1,,,,,,
504,9789863445791,戰爭論精華,戰爭論精華,592.1,4932,2018,,,,,,,
505,9789865842871,戰敗者觀點,戰敗者的觀點：德軍將領談希特勒與二戰時德國的興衰,712.84,8455,2016,,,,,,,
506,9789862357873,運算思維,[全圖解] 寫給所有人的運算思維入門：5堂基礎課程+演算法練習，邊做邊學，建構邏輯思考、培養程式設計核心能力的原理和應用 (電子書),312.2,8669,2019,,,ebook,,,,
507,9789862358603,量子電腦,圖解量子電腦入門：8堂基礎課程+必懂關鍵詞解說，從計算原理到實務應用、通訊到演算，破解讓人類大躍進的科技新浪潮 (電子書),339.1,3342,2020,,,ebook,,,,
508,9789573286325,人體形態,人體形態：巴黎美術學院教授教你如何畫出生動人體素描 (電子書),901.3,3645,2019,,,ebook,,,,
509,9789573289470,配色設計,一看就懂配色設計【獨家豪華收錄32頁16色基本色╳7色印刷特殊色演色表】：從色彩知識、配色規則到輸出創意，隨看即用的最強色彩指南 (電子書),963,4302,2021,,,ebook,,,,
510,9789860645071,克蘇魯2,克蘇魯神話 II：瘋狂（限量『舊日支配者‧足跡報導』特裝版）,874.57,3545,2021,v.2,,,,,,
511,9789578630468,日本戰國1,日本戰國．織豐時代史(上冊),731.255,4797,2018,v.1,,,,,,
512,9789578630475,日本戰國2,日本戰國．織豐時代史(中冊),731.255,4797,2018,v.2,,,,,,
513,9789578630482,日本戰國3,日本戰國．織豐時代史(下冊),731.255,4797,2018,v.3,,,,,,
514,9789863126522,深度強化,深度強化式學習,312.983,4355,2021,,,,,,,
515,9789863126546,白話演算,白話演算法！培養程式設計的邏輯思考,318.1,7141,2021,,,,,,,
516,9789863126645,Py刷題,Python 刷題鍛鍊班：老手都刷過的50道程式題，求職面試最給力,312.32P97,4427,2021,,,,,,,
517,9789863445456,法醫1,法醫．屍體．解剖室：犯罪搜查216問─專業醫生解開神祕病態又稀奇古怪的醫學和鑑識問題（最新修訂版） (電子書),548.6,4410,2018,v.1,,ebook,,,,
518,9789863440611,法醫2,法醫．屍體．解剖室2：謀殺診斷書-專業醫師剖析188道詭異又匪夷所思的病理、毒物及鑑識問題 (電子書),548.6,4410,2014,v.2,,ebook,,,,
519,9789863126737,PyTorch,核心開發者親授！PyTorch深度學習攻略,312.831,837,2021,,,,,,,
520,9789865028640,交易演算,Python演算法交易,312.32P97,8545,2021,,,,,,,
521,9789860668681,克蘇魯3,克蘇魯神話 III：噩夢（限量『禁忌之地‧穿越銀匙之門』特裝版）,874.57,3545,2021,v.3,,,,,,
522,9789865572334,單兵作戰,單兵作戰技能手冊,596.7,8596,2021,,,,,,,
523,9789865251796,雜訊,雜訊：人類判斷的缺陷,494.1,8658,2021,,,,,,,
524,9789863448211,宮前町,宮前町九十番地（紀念新版） (電子書),783.3886,1144,2021,,,ebook,,,,
525,9789863446309,再思考,再思考：一堂近百萬人爭相學習的杜克大學論辯課，你將學會如何推理與舉證，避免認知謬誤 (電子書),150,8435,2019,,,ebook,,,,
526,9789860632880,生命演化史,我們身體裡的生命演化史：演化如何打造出身體，而身體的演化又如何構成新的物種？ 一部關於器官、組織、細胞、DNA長達40億年的故事,576.8,8538,2021,,,ebook,,,,
527,9789579542999,沙丘1,沙丘六部曲 沙丘（1）【限量書盒珍藏版】,874.57,4422,2021,v.1,,,,,,
528,9789865562151,沙丘2,沙丘六部曲 沙丘（2）救世主,874.57,4422,2021,v.2,,,,,,
529,9789865562120,沙丘3,沙丘六部曲 沙丘（3）沙丘之子,874.57,4422,2021,v.3,,,,,,
530,9789865562144,沙丘4,沙丘六部曲 沙丘（4）神帝,874.57,4422,2021,v.4,,,,,,
531,9789865562137,沙丘5,沙丘六部曲 沙丘（5）異端,874.57,4422,2021,v.5,,,,,,
532,9789865562205,沙丘6,沙丘六部曲 沙丘（6）聖殿,874.57,4422,2021,v.6,,,,,,
533,9789864086139,骨骼之書,骨骼之書：藝用解剖學入門 × step by step 多視角人體結構全解析,901.3,8662,2021,,,,,,,
534,9789864770977,學習聖經,一本搞定K書、考試、時間管理的學習聖經,521.1,5544,2016,,,,,,,
535,9789865028787,Go學習,Go 學習手冊,312.32G6,4265,2021,,,,,,,
536,9789865562076,AoGD,遊戲設計的藝術：架構世界、開發介面、創造體驗，聚焦遊戲設計與製作的手法與原理 3rd Ed.,312.98,4410,2021,,,,,,,
537,9789863844433,世界史,"瞄過一眼就忘不了的世界史：高中老師╳神級YouTuber 2,000萬次點閱的超人氣課程",711,2241,2021,,,,,,,
538,9789862942758,倒風內海,倒風內海（26週年典藏版）,857.7,8464,2021,,,,,,,
539,9789579072540,版型研究室,版型研究室：學會平面設計中難懂的數學題&美學邏輯，最基礎的版型理論 (電子書),964.6,8355,2019,,,ebook,,,,
540,9789579072687,暢銷配色學,所有人都用得上的暢銷配色學：最實用的色彩心理學，搞懂色彩味道、個性和適用產品，成功配色有方法 (電子書),964.1,8645,2020,,,ebook,,,,
541,9789861373300,思考整理,思考整理學：最多東大生、京大生讀過的一本書！ (電子書),176.4,2323,2021,,,ebook,,,,
542,9789576583117,讀懂一本書,讀懂一本書：3300萬會員、22億次收聽「樊登讀書」創始人知識變能力的祕密完整公開 (電子書),019.1,4412,2020,,,ebook,,,,
543,9789869894692,俄語家教,我的專屬俄語家教課【初級】(附1CD+隨身手冊+字母拉頁+VRP虛擬點讀筆App),806.18,847,2020,,,,,,,
544,9789869450164,越語家教,我的專屬越語家教課【初級】(附1MP3+1隨身手冊),803.798,8538,2017,,,,,,,
545,9789864348565,刷題實戰,刷題實戰筆記：演算法工程師求職加分的祕笈,318.1,8557,2021,,,,,,,
546,9789860776294,Py金融,Python金融市場賺大錢聖經：寫出你的專屬指標,312.32P97,8765,2021,,,,,,,
547,9789579054355,耶魯金融,耶魯最受歡迎的金融通識課：你要的財富與自由就從這裡開始,561,8733,2019,,,,,,,
548,9789867778734,哈佛國關,哈佛最熱門的國際關係課：國際關係大師奈伊教你洞悉局勢，掌握先機，佈局未來！,578.1,4027,2019,,,,,,,
549,9789864306336,醫用微免,醫用微生物及免疫學（第三版）,369,8348,2020,,,,,,,
550,9789864306480,解剖生理,解剖生理學（第二版）,397.022,8536,2020,,,,,,,
551,9789860763232,貨櫃航運,貨櫃與航運：搶船、搶港、搶貨櫃，你上船了嗎？貨櫃推動的全球貿易與現代經濟體系 (電子書),557.44509,8867,2021,,,ebook,,,,
552,9789860763393,創造文明,創造文明的人：席德・梅爾回憶錄——將6000年人類文明史裝進電玩裡的傳奇遊戲設計大師 (電子書),794.8,8453,2021,,,ebook,,,,
553,9789574734733,手塚12,手塚治虫短篇集 12 (電子書), 947.41,8773,2003,,,ebook,,,,
554,9789864341825,Blender,Blender 3D基礎建模 : 3D設計新手超入門 (電子書),312.9866,3821,2017,,,ebook,,,,
555,9789570825244,精靈寶鑽,精靈寶鑽 (電子書),873.57,8536,2020,,,ebook,,,,
556,9789865529697,九宮格日語,九宮格日語學習法：零散的日文單字，立刻變身有系統的視覺圖像記憶 (電子書),803.18,2615,2020,,,ebook,,,,
557,9789861754604,刻意練習,刻意練習：原創者全面解析，比天賦更關鍵的學習法 (電子書),521.1,855,2017,,,ebook,,,,
558,9789579121774,打造數字腦,打造數字腦．量化思考超入門： 能解決問題，更有說服力，更值得信賴 (電子書),494.1,3344,2021,,,ebook,,,,
559,9789579121781,打造財務腦,打造財務腦．量化思考超入門： 不靠經驗判斷，精實決策，開創未來 (電子書),494.7,4345,2021,,,ebook,,,,
560,9789570860498,中華成立,岩波新書．中國的歷史1：中華的成立,610,3321,2021,v.1,,,,,,
561,9789570860504,江南發展,岩波新書．中國的歷史2：江南的發展,610,4405,2021,v.2,,,,,,
562,9789570860511,草原稱霸,岩波新書．中國的歷史3：草原的稱霸,610,4424,2021,v.3,,,,,,
563,9789570860528,陸海交會,岩波新書．中國的歷史4：陸海的交會,610,423,2021,v.4,,,,,,
564,9789570860535,中國形成,岩波新書．中國的歷史5：中國的形成,610,7571,2021,v.5,,,,,,
565,9789868738706,GC談英文,George Chen談英文辭典：卅年二百本辭典的英文自學經驗談,801.7,8773,2011,,,,,,,
566,9787571406486,木工完全,木工完全手冊（簡體書）,474.3,8657,2020,,,,,,,
567,9789869815147,主力思維,主力的思維 (電子書),563.53,5758,2019,,,ebook,,,,
568,9789869963640,社畜財務,社畜的財務自由計畫：最強脫魯傳說！早餐投資法，每天30分鐘，3年賺30億 (電子書),563.53,3827,2021,,,ebook,,,,
569,9789864793112,宇宙必修,宇宙必修課 (電子書),323.1,837,2017,,,ebook,,,,
570,9789862895580,不丟東西,囤物族的不丟東西整理術：別再叫我斷捨離！只要挪動空間就OK！不復亂的收納魔法 (電子書),422.5,4721,2021,,,ebook,,,,
571,9789862896013,5分鐘整理,專注力UP！5分鐘居家辦公整理術：房間小也OK！科學方法擺脫雜物干擾，打造不復亂WFH空間，建立超強工作效率 (電子書),422.5,8653,2021,,,ebook,,,,
572,9789862268919,微電子學1,微電子學(上)(二版),448.6,8763,2013,v.1,,,,,,
573,9789862268926,微電子學2,微電子學(下)(二版),448.6,8763,2013,v.2,,,,,,
574,9786269507719,MetaData,Metadata後設資料：精準搜尋、一找就中，數據就是資產！教你活用｢描述資料的資料」，加強資訊的連結和透通,023.4,4410,2021,,,,,,,
575,9789862487457,3天ETF,3天搞懂ETF投資：跨市跨境高CP值，讓你繞著地球賺Ｎ圈！ (電子書),563.5,8622,2018,,,ebook,,,,
576,9789862486795,3天股票,3天搞懂股票買賣（最新增訂版） (電子書),563.53,8622,2017,,,ebook,,,,
577,9789864591718,冷便當,一起帶．冷便當：國民媽媽教你輕輕鬆鬆30分鐘，做出粉絲狂讚、美味又健康的每日餐盒 (電子書),427.17,3022,2019,,,ebook,,,,
578,9789864592296,吃早餐,一起來．吃早餐：早餐不設限，國民媽媽省時又營養的早餐提案 (電子書),427.1,3022,2020,,,ebook,,,,
579,9789571361949,山知道,LIVE WILD山知道：在山的面前我學會寬容、找回自在，對自己負責。從登山裝備、觀念、技術、路線，寫一本與大自然的相處之道 (電子書),992.77,4645,2016,,,ebook,,,,
580,9789571383132,漢森訓練,漢森馬拉松訓練法：跑出你的最佳成績 (電子書),528.9468,3454,2020,2nd,,ebook,,,,
581,9789869690973,問話絕技,問話絕技：問話能力，就是「解決問題」的能力 (電子書),192.32,4545,2021,,,ebook,,,,
582,9789860679311,雪球記憶,滾雪球增強記憶術：學會3種關鍵技術，記憶力將會越記越快，越記越多 (電子書),176.338,2739,2021,,,ebook,,,,
583,9789865251024,灰階思考,灰階思考 (電子書),563.52,0414,2021,,,ebook,,,,
584,9789865250348,致富心態,致富心態：關於財富、貪婪與幸福的20堂理財課 (電子書),561.014,0011,2021,,,ebook,,,,
585,9789860777642,創客精神,創客精神：《流言終結者》主持人從「自造」提煉的工作哲學 (電子書),176.4,0090,2021,,,ebook,,,,
586,9789862489956,韓語自學力,韓語自學力： 給你觀念、方法、資源、文法筆記，自學韓文就這麼容易！,803.26,7188,2021,,,,,,,
587,9789860795301,韓語翻譯員,成為韓語翻譯員：韓國外大翻譯所碩士的翻譯人蔘,803.2,7539,2021,,,,,,,
588,9789863126898,Pandas1x,Python資料分析必備套件！Pandas資料清理、重塑、過濾、視覺化,312.32P97,8031,2021,,,,,,,
589,9789570830781,給青年的信,給青年知識追求者的信,525.1,2541,2006,,,,,,,
590,9789864344529,C Traps,C Traps and Pitfalls中文版,312.932C,834,2019,,,,,,,
591,9789864345328,IoT不難,IoT沒那麼難！新手用JavaScript入門做自己的玩具！（iT邦幫忙鐵人賽系列書）,471.516,8042,2020,,,,,,,
592,9789864348589,KorGE,KorGE遊戲開發 : 帶你學會運用Kotlin、KorGE、Ktor技術打造自己的小遊戲（iT邦幫忙鐵人賽系列書）,312.8,8769,2021,,,,,,,
593,9789579094900,順著大腦,順著大腦習性，懶人也有高績效：靠意志力只會中途放棄，腦神經醫師教你指揮大腦不拖拉，恆毅力、專注力大幅提升！ (電子書),176.85,4732,2019,,,ebook,,,,
594,9789579094375,整理術,不丟東西的整理術：放不掉的記憶與情感，再也無須斷捨離！ (電子書),420,9611,2021,,,ebook,,,,
595,9789579094870,不努力,剛剛好的不努力：別讓「壓力」大過你的實力！建立「評價軸」找回自我價值，不再當「厭世喪班族」 (電子書),494.35,5288,2020,,,ebook,,,,
596,9789579094887,壓力管理,哈佛醫學院的SMART壓力管理訓練：改善焦慮、輕鬱症；不失控、不暴走、不做錯決定最具科學原理的減壓生活提案 (電子書),176.54,1044,2020,,,ebook,,,,
597,9787530495759,木工基礎,彼得·科恩木工基礎：掌握木工技藝的精髓,474.1,874,2018,,,,,,,
598,9787530470503,木工雕刻,木工雕刻全書,933,2222,2014,,,,,,,
599,9787530481622,木旋全書,木旋全書：從零開始真正掌握木工車削技藝,474.3,8445,2016,,,,,,,
600,9787566918741,建築鋼筆,建築鋼筆速寫技法（第四版）,948.3,8764,2021,,,,,,,
601,9789571387635,彈性習慣,彈性習慣：釋放壓力、克服拖延、輕鬆保持意志力的聰明學習法 (電子書),176.74,4442,2021,,,ebook,,,,
602,9789571386379,要事不做,為什麼越重要的事越不想做 (電子書),177.2,8741,2021,,,ebook,,,,
603,9789869815161,完美執行,再忙也不會出錯的完美工作執行力 (電子書),494.01,2774,2020,,,ebook,,,,
604,9789869922920,極簡筆記,富比世排名富豪認可的極簡流工作筆記術：只用3本筆記和2支筆就能完美應付顧客需求 (電子書),019.2,8454,2020,,,ebook,,,,
605,9789860777819,阿共打來,阿共打來怎麼辦：你以為知道但實際一無所知的台海軍事常識 (電子書),573.09,8435,2022,,,ebook,,,,
606,9789864084913,家具丙級,家具木工丙級檢定必勝寶典,474,4441,2019,,,,,,,
607,9789866031793,系統思考,系統思考：克服盲點、面對複雜性、見樹又見林的整體思考,494,8355,2016,,,,,,,
608,9789866428784,裝潢丙級,裝潢木工丙級技術士技能檢定秘笈,474.022,4441,2018,,,,,,,
609,9789574741502,木工職人,木工職人基礎手工具,446.842,8446,2017,,,,,,,
610,9789862138397,規模規律,規模的規律和祕密：老鼠、小鳥、雞、大象，和我們居住的城市，隱藏規模縮放的規律， 掌握其中驚奇的祕密，也同時掌握企業和地球的未來,501.6,8555,2017,,,,,,,
611,9789571358208,多崎作,沒有色彩的多崎作和他的巡禮之年,861.57,4254,2013,,,,,,,
612,9789862466117,新日檢N1,修訂版 合格全攻略！新日檢6回全真模擬試題N1【讀解．聽力．言語知識〈文字．語彙．文法〉】（16K＋6回聽解MP3）,803.189,8653,2021,v.1,,,,,,
613,9789862465950,新日檢N2,修訂版 合格全攻略！新日檢6回全真模擬試題N2【讀解．聽力．言語知識〈文字．語彙．文法〉】（16K＋6回聽解MP3）,803.189,8653,2021,v.2,,,,,,
614,9789866751370,新日檢N3,修訂版 合格全攻略！新日檢6回全真模擬試題N3【讀解．聽力．言語知識〈文字．語彙．文法〉】（16K＋6回聽解MP3）,803.189,8653,2021,v.3,,,,,,
615,9789862466155,新日檢N4,修訂版 合格全攻略！新日檢6回全真模擬試題N4【讀解．聽力．言語知識〈文字．語彙．文法〉】（16K＋6回聽解MP3）,803.189,8653,2021,v.4,,,,,,
616,9789862466247,新日檢N5,修訂版 合格全攻略！新日檢6回全真模擬試題N5【讀解．聽力．言語知識〈文字．語彙．文法〉】（16K＋6回聽解MP3）,803.189,8653,2021,v.5,,,,,,
617,9789863126997,RPI聖經,Raspberry Pi 樹莓派：Python x AI 超應用聖經,312.32P97,8763,2022,,,,,,,
618,9789578904774,日檢N1,JLPT新日檢【N1讀解】滿分衝刺大作戰：64篇擬真試題破解訓練＋8大題型各個擊破！,803.189,1127,2019,v.1,,,,,,
619,9789578904781,日檢N2,JLPT新日檢【N2讀解】滿分衝刺大作戰：64篇擬真試題破解訓練＋8大題型各個擊破！,803.189,873,2019,v.2,,,,,,
620,9789863601784,大棋盤,大棋盤：全球戰略大思考（2021年版）(四版),578.52,1791,2021,,,,,,,
621,9789570532814,課綱臺灣,課綱中的臺灣史：跟著專家學者探索歷史新視野,733.2107,7546,2020,,,,,,,
622,9789864349173,RPI開胃,Raspberry Pi 樹莓派：12 道開胃菜打造 Linux 核心肌群（iT邦幫忙鐵人賽系列書）,312.954,4443,2021,,,,,,,
623,9789864792894,就是生物學,這就是生物學,360,833,2017,,,,,,,
624,9789573283362,知識鍛鍊,知識學習的鍛鍊技術：日本30年經典完全自學版！建構獨立思考力與創造力，奠定你的人生志向,177.2,4443,2018,,,,,,,
625,9789864345311,Gitlab,和艦長一起 30 天玩轉 GitLab（iT邦幫忙鐵人賽系列書）,312.2,7511,2020,,,,,,,
626,9789864345212,Py搜刮,使用Python搜刮網路資料的12堂實習課,312.32P97,2189,2020,,,,,,,
627,9789869881975,無限公司,個人無限公司：轉職和副業的相乘x生涯價值最大化生存法 (電子書),494.35,8080,2020,,,ebook,,,,
628,9789869881920,聰明懶人學,聰明懶人學：不瞎忙、省時間、懂思考，40則借力使力效率工作術 (電子書),494.01,2741,2020,,,ebook,,,,
629,9789575036942,唐鳳,唐鳳：我所看待的自由與未來 (電子書),783.3886,8666,2020,,,ebook,,,,
630,9789571378114,忘形簡報,忘形流簡報思考術：找到說服邏輯，讓你的價值被看見! (電子書),494.6,8726,2019,,,ebook,,,,
631,9789869422642,投資重要,投資最重要的事：一本股神巴菲特讀了兩遍的書 (電子書),563.5,7144,2017,,,ebook,,,,
632,9789869887809,漫步華爾街,漫步華爾街的10條投資金律：經理人不告訴你，但投資前一定要知道的事 (電子書),563.5,8543,2020,,,ebook,,,,
633,9789861755533,超速學習,超速學習：我這樣做，一個月學會素描，一年學會四種語言，完成MIT四年課程 (電子書),521.1,8684,2020,,,ebook,,,,
634,9789869800679,獨裁進化,獨裁者的進化：收編、分化、假民主（新版） (電子書),571.76,8657,2020,,,ebook,,,,
635,9789579542869,製造文明,製造文明：不管落在地球歷史的哪段時期，都能保全性命、發展技術、創造歷史，成為新世界的神 (電子書),409,834,2019,,,ebook,,,,
636,9789869941068,世界經濟,世界經濟10000年：從石器時代到貿易戰爭，我們的經濟是如何成形？ (電子書),550.9,877,2020,,,ebook,,,,
637,9789860674996,守錢致富課,當代財經大師的守錢致富課：22堂課教你戰勝市場、騙子和你自己 (電子書),563.52,8094,2021,,,ebook,,,,
638,9789864062560,百工職魂,百工職魂 (電子書),733.4,8586,2021,,,ebook,,,,
639,9789869251440,北歐風裝潢,14天！北歐風自力裝潢日記，木工、泥作、門窗都搞定,422.5,1764,2016,,,,,,,
640,9789869966801,精準寫作術,從沒想法到有想法的精準表達寫作術：透過自我提問，找到切入觀點。沒靈感時，這樣寫就對了！【日本暢銷20年】 (電子書),811.1,8654,2021,,,ebook,,,,
641,9789860642599,就你最聰明,就你最聰明！：走出畫地自限的傲慢與偏見，Big 4資深顧問的職場心理學 (電子書),494.35,8373,2021,,,ebook,,,,
642,9789862489949,英語字彙力,英語字彙力 (電子書),805.12,845,2021,,,ebook,,,,
643,9789860795127,英語聖經,口語英語語法聖經 (電子書),805.16,8365,2021,,,ebook,,,,
644,9789863797968,PGSQL,解析PostgreSQL程式與資料庫應用,312.7565,843,2020,,,,,delete,,
645,9789864345335,React,在React生態圈打滾的一年feat.TypeScript（iT邦幫忙鐵人賽系列書）,312.52,8327,2020,,,,,,,
646,9789864348039,RxJS,打通 RxJS 任督二脈：從菜雞前進老鳥必學的關鍵知識（iT邦幫忙鐵人賽系列書）,312.92,8373,2021,,,,,,,
647,9789864344895,TypeScript,讓 TypeScript 成為你全端開發的 ACE！（iT邦幫忙鐵人賽系列書）,312.32J36,8396,2020,,,,,,,
648,9789864349821,Angular,圖像 Angular 開發入門：打造高靈活度的網頁應用程式（iT邦幫忙鐵人賽系列書）,312.2,9394,2022,,,,,,,
649,9789579121255,災難求生,美國海豹特種部隊教你災難求生密技100招：如何在遇難時刻化險為夷、順利逃脫、保全性命（18禁）,411.96,847,2018,,,,,,,
650,9789869314312,反恐逃生,美國海豹特種部隊教你反恐逃生密技100招(18禁) ：如何在危難時刻順利逃脫、安全藏匿、險中求生,548.86,847,2016,,,,,,,
651,9789570851021,琉球時代,琉球的時代：偉大歷史的圖像,731.7881,8366,2018,,,,,,,
652,9789865025144,LibreOffice,101招學會LibreOffice：Writer文書 x Calc試算表 x Impress簡報實戰技巧,312.49L5,4424,2020,,,,,,,
653,9789863194392,柏青哥,柏青哥（Apple TV+ 同名影集原著小說） (電子書),874.57,4012,2019,,,ebook,,,,
654,9789573292555,思維進化,思維進化：用思考突破人生所有障礙 (電子書),176.4,8676,2021,,,ebook,,,,
655,9789573292272,大局思維,大局思維：倫敦政經學院行為科學教授，教你如何放大格局、掌握關鍵，達成最有利的職涯擴張目標 (電子書),494.35,834,2021,,,ebook,,,,
656,9789860679335,精準表達,精準表達、完美場控的誘導說服術：活用50招心理學技巧，操縱潛意識，一開口就讓人SAY YES！ (電子書),494.2,4462,2021,,,ebook,,,,9789860679342
657,9786267079034,YT資訊彙整,日本頂尖知識YouTuber資訊彙整術：蒐集X判讀X表達，連9歲小孩都能聽懂！ (電子書),312.74,8975,2022,,,ebook,,,,9786267079058
658,9789865074043,金錢性格,金錢性格──找出你的生財天賦 (電子書),561.014,4437,2021,,,ebook,,,,9789865074074
659,9789865074517,波段投資法,我用波段投資法，4年賺4千萬：買在低點、賣在高點，賺價差的獲利SOP (電子書),563.53,7505,2021,,,ebook,,,,9789865074524
660,9789864344239,Firewall,LINUX FIREWALLS中文版（4版）：善用NFTABLES等超強工具捍衛LINUX防火牆的安全性,312.954,9593,2019,,,,reprint,,,
661,9789864342389,AutoCAD,邁向精密工業之路：AutoCAD環境規劃與精密公差標註,446.19029,8745,2017,,,,reprint,,,
662,9789864344734,SOLIDWx,SOLIDWORKS工程圖培訓教材(2020繁體中文版),312.949S678,8463,2020,,,,reprint,,,
663,9789865072452,圖解溝通,1枝筆＋1張紙，說服各種人：最強圖解溝通術，學會4種符號，職場、生活、人際關係，4圖1式就搞定！【熱銷新裝版】 (電子書),494.35,2063,2020,,,ebook,,,,
664,9789865076047,間歇閱讀,間歇高效率的三次閱讀法：讀懂一本書只要100分鐘，解決過目就忘、知識無法內化與活用的閱讀煩惱 (電子書),019.1,8010,2021,,,ebook,,,,9789865076054
665,9789865101893,iPad電繪,iPad電繪畫畫課：從線稿到上色圖層、光影到色調練習、小物到氛圍營造，輕鬆畫出你的夢想世界,312.86,8757,2022,,,,reprint,,,
666,9789573295082,卡片盒筆記,卡片盒筆記：最高效思考筆記術，德國教授超強秘技，促進寫作、學習與思考，使你洞見源源不斷，成為專家,019.2,8687,2022,,,,reprint,,,
667,9789577112477,地緣政治學,地緣政治學,571.15,8423,2022,,,,reprint,,,
668,9786267129180,矢板明夫,矢板明夫在台灣「說三道四」（博客來獨家簽名版）,733.07,8957,2022,,,,reprint,,,
669,9789865080440,關原之戰,豐臣西軍與關原之戰：「正義之師」的敗北之謎,731.259,8444,2019,,,,reprint,,,
670,9786263330863,Py投資,Python 投資停看聽：運用 Open data 打造自動化燈號，學會金融分析精準投資法（iT邦幫忙鐵人賽系列書）,312.32P97,8877,2022,,,,reprint,,,
671,9789869967532,勁戰改裝,勁戰六代改裝應用剖析 (電子書),447.33,8875,2021,,,ebook,,,,9789869967563
672,9786263352971,村上T,村上T 我愛的那些T恤,861.67,4425,2022,,,,reprint,,,
673,9786263350717,底層邏輯,底層邏輯：看清這個世界的底牌,177.2,872,2022,,,,reprint,,,
674,9786263330016,VS指南,Visual Studio Code實用指南：官方文件沒有詳述的Extension觀念、命令組合技與鍵位客製化技巧（iT邦幫忙鐵人賽系列書）,312.2,8454,2022,,,,reprint,,,
675,9789865534066,拆解考試,拆解考試的技術：輕鬆高分錄取的黃金學習頻率、讀書筆記技巧 (電子書),529.98,5240,2020,,,ebook,,,,
676,9789865534349,拆解心智圖,拆解心智圖的技術：讓思考與創意快速輸出的27個練習 (電子書),494.35,8474,2021,,,ebook,,,,9789865534639
677,9789865072186,心智圖大全,極速解決工作難題的心智圖大全：6大功能 ╳ 7大工作領域 ╳ 43個常見問題，讓你用心智圖舉一反三，輕鬆解決各種職場難題！ (電子書),176.4,4774,2020,,,ebook,,,,9789869967563
678,9789869583855,經典麵包,大師解構再升級！77款網路人氣、名店經典麵包全書：解構業界網路、名店人氣麵包配方！大師愛用品牌、麵粉配比全揭露，讓麵包更美味、更好操作！,427.16,8832,2018,,,,reprint,,,
679,9789862014790,計算機結構,計算機結構,312.122,8454,2011,,,,reprint,,,
680,9789864343423,大數據心法,大數據專案經理的實戰心法：善用視覺化工具,312.74,8637,2018,,,,reprint,,,
681,9789862016107,統計學2nd,統計學(第二版),510,8453,2012,2nd,,,reprint,,,
682,9789570851724,資本論使用,《資本論》完全使用手冊：版本、系譜、爭議與當代價值 (電子書),550.1863,8474,2018,,,ebook,,,,
683,9789571322469,發條鳥3,"發條鳥年代記 第三部,剌鳥人篇", 861.57,4254,1995,v.3,,,reprint,,,
684,9789864349203,AWS手冊,AWS CDK 完全學習手冊：打造雲端基礎架構程式碼 IaC（iT邦幫忙鐵人賽系列書）,312.136,8774,2021,,,,reprint,,,
685,9789864348978,Kotlin專案,老姐要用 Kotlin 寫專案：從 Server 到 Android APP 的開發生存日記（iT邦幫忙鐵人賽系列書）,312.52,8462,2021,,,,reprint,,,
686,9786267052259,血色大地,血色大地：夾在希特勒與史達林之間的東歐,740.73,8835,2022,,,,reprint,,,
687,9789865727970,戰爭論1,戰爭論（上）：原理之書【2019年全新修訂版】,590.1,8553,2019,v.1,,,reprint,,,
688,9789865727987,戰爭論2,戰爭論（下）：運用之書【2019年全新修訂版】,590.1,8553,2019,v.2,,,reprint,,,
689,9789572610794,轉生為飲茶,七龍珠外傳 轉生成為飲茶 (全) (電子書),947.41,8537,2022,,,ebook,,,,
690,9789572637388,鏈鋸人1,鏈鋸人 (1) (電子書),947.41,8443,2019,v.1,,ebook,,,,
691,9789572637395,鏈鋸人2,鏈鋸人 (2) (電子書),947.41,8443,2019,v.2,,ebook,,,,
692,9789572639306,鏈鋸人3,鏈鋸人 (3) (電子書),947.41,8443,2019,v.3,,ebook,,,,
693,9789572642979,鏈鋸人4,鏈鋸人 (4) (電子書),947.41,8443,2019,v.4,,ebook,,,,
694,9789572647493,鏈鋸人5,鏈鋸人 (5) (電子書),947.41,8443,2019,v.5,,ebook,,,,
695,9789572650509,鏈鋸人6,鏈鋸人 (6) (電子書),947.41,8443,2019,v.6,,ebook,,,,
696,9789572654668,鏈鋸人7,鏈鋸人 (7) (電子書),947.41,8443,2019,v.7,,ebook,,,,
697,9789572656969,鏈鋸人8,鏈鋸人 (8) (電子書),947.41,8443,2019,v.8,,ebook,,,,
698,9789572661109,鏈鋸人9,鏈鋸人 (9) (電子書),947.41,8443,2019,v.9,,ebook,,,,
699,9789572663783,鏈鋸人10,鏈鋸人 (10) (電子書),947.41,8443,2019,v.10,,ebook,,,,9789572674185
700,9789572667613,鏈鋸人11,鏈鋸人 (11) (電子書),947.41,8443,2019,v.11,,ebook,,,,9789572677704
701,9786263330764,WebGIS,你的地圖會說話？WebGIS與JavaScript的情感交織（iT邦幫忙鐵人賽系列書）,609.029,8523,2022,,,,reprint,,,
702,9786263331044,圖解TF,圖解TensorFlow 2初學篇：實作tf.keras + Colab雲端、深度學習、人工智慧、影像辨識,312.83,8774,2022,,,,reprint,,,
703,9786263331549,影像辨識C#,影像辨識實務應用：使用C#【暢銷回饋版】,312.32C,8796,2022,,,,reprint,,,
704,9786263331174,醫學影像,數位與醫學的人工智慧影像處理技術：Python 實務,312.32P97,8347,2022,,,,reprint,,,
705,9789869881982,交涉武器,交涉的武器：20個專業級的談判原則 辣腕交涉高手從不外流，精準談判的最強奧義，首度大公開！ (電子書),490.17,8454,2020,,,ebook,,,,
706,9786269500680,金錢才能,金錢的才能：用20萬積蓄滾出8000萬身價！窮忙族變身億萬富豪的「加速創富」投資術 (電子書),563.5,8912,2021,,,ebook,,,,9786269531431
707,9789860674972,亞當理論,亞當理論：跨世紀順勢交易大師經典之作 (電子書),563.5,8335,2021,,,ebook,,,,9786269506804
708,9789860674989,三角洲理論,三角洲理論：技術分析大師威爾斯．威爾德的顛峰之作 (電子書),563.54,8335,2021,,,ebook,,,,9786269517435
709,9789869744508,複利效應,複利效應：6步驟引爆收入、生活和各項成就倍數成長 (電子書),177.2,858,2019,,,ebook,,,,
710,9786263321205,3D列印,聚合物3D列印與3D影印技術 (電子書),477.7,8675,2022,,,ebook,,,,9786263322325
711,9786267129487,戰敗者觀點1,戰敗者的觀點：軍事戰略大師「李德哈特」必讀經典——尊重戰敗者，洞悉你的競爭對手（全新典藏版）,712.84,8455,2022,,,,reprint,,,
712,9786267129548,安位戰略,安倍晉三大戰略【安倍晉三的海洋民主國大聯盟，如何防堵中國崛起、鞏固自由開放的印太秩序！】（特別收錄「台灣如何回應」）,578.31,8856,2022,,,,reprint,,,
713,9786267092576,足球應許,Road to World Cup足球應許之地：朝世界盃奔馳的人們與他們的國度(博客來獨家限量親簽+加油手環版),528.951,8453,2022,,,,reprint,,,
714,9789865562670,廚藝之鑰上,廚藝之鑰（上）：完全掌握廚房，完美料理食材（廚具、蔬果、奶蛋、肉魚）（二版）,427,8533,2022,v.1,,,reprint,,,
715,9789865562687,廚藝之鑰下,廚藝之鑰（下）：完全掌握廚房，完美料理食材（醬料、麵食、豆榖、甜點）（二版）,427,8533,2022,v.2,,,reprint,,,
